seed;model_name;dataset_name;grounder;kge;rule_miner;kge_atom_embedding_size;facts_file;train_file;valid_file;test_file;domain_file;rules_file;num_negatives;valid_negatives;test_negatives;ragged;format;engine_num_negatives;engine_num_adaptive_constants;constant_embedding_size;dropout_rate_embedder;kge_regularization;learning_rate;epochs;num_rules;loss;weight_loss;batch_size;val_batch_size;test_batch_size;cdcr_use_positional_embeddings;cdcr_num_formulas;valid_frequency;resnet;reasoner_depth;reasoner_regularization_factor;reasoner_formula_hidden_embedding_size;reasoner_dropout_rate;reasoner_atom_embedding_size;signed;temperature;aggregation_type;filter_num_heads;filter_activity_regularization;keys_signature;run_signature;seed_run_i;train_loss;train_concept_loss;train_task_loss;train_concept_mrr;train_concept_hits@1@1;train_concept_hits@3@3;train_task_mrr;train_task_hits@1@1;train_task_hits@3@3;val_loss;val_concept_loss;val_task_loss;val_concept_mrr;val_concept_hits@1@1;val_concept_hits@3@3;val_task_mrr;val_task_hits@1@1;val_task_hits@3@3;test_loss;test_concept_loss;test_task_loss;test_concept_mrr;test_concept_hits@1@1;test_concept_hits@3@3;test_task_mrr;test_task_hits@1@1;test_task_hits@3@3;time
[0, 1, 2, 3, 4];no_reasoner;countries_s1;backward_1;complex;None;100;facts.txt;train.txt;valid.txt;test.txt;domain2constants.txt;rules.txt;1;100;None;TRUE;functional;0;0;200;0.0;0.0;0.01;100;0;binary_crossentropy;0.5;-1;-1;256;FALSE;3;3;TRUE;1;0.0;100;0.0;100;TRUE;0.0;max;3;0.0;['dataset_name', 'grounder', 'kge', 'model_name', 'rule_miner', 'neg', 'e'];countries_s1-backward_1-complex-no_reasoner-None-1-100;4;[0.075, 0.16];[0.075, 0.16];[0.075, 0.16];[1.0, 0.0];[1.0, 0.0];[1.0, 0.0];[1.0, 0.0];[1.0, 0.0];[1.0, 0.0];[0.397, 0.049];[0.397, 0.049];[0.397, 0.049];[0.898, 0.011];[0.878, 0.016];[0.907, 0.009];[0.898, 0.011];[0.878, 0.016];[0.907, 0.009];[0.414, 0.133];[0.414, 0.133];[0.414, 0.133];[0.913, 0.024];[0.87, 0.034];[0.937, 0.024];[0.913, 0.024];[0.87, 0.034];[0.937, 0.024];[15.678, 0.959]
[0, 1, 2, 3, 4];sbr;countries_s1;backward_1;complex;None;100;facts.txt;train.txt;valid.txt;test.txt;domain2constants.txt;rules.txt;1;100;None;TRUE;functional;0;0;200;0.0;0.0;0.01;100;1;binary_crossentropy;0.5;-1;-1;256;FALSE;3;3;TRUE;1;0.0;100;0.0;100;TRUE;0.0;max;3;0.0;['dataset_name', 'grounder', 'kge', 'model_name', 'rule_miner', 'neg', 'e'];countries_s1-backward_1-complex-sbr-None-1-100;4;[0.261, 0.254];[0.261, 0.255];[0.261, 0.253];[1.0, 0.0];[1.0, 0.0];[1.0, 0.0];[1.0, 0.0];[1.0, 0.0];[1.0, 0.0];[0.359, 0.047];[0.351, 0.041];[0.367, 0.054];[0.867, 0.033];[0.839, 0.04];[0.875, 0.033];[0.892, 0.022];[0.851, 0.029];[0.917, 0.032];[0.327, 0.056];[0.35, 0.052];[0.304, 0.065];[0.904, 0.032];[0.848, 0.049];[0.948, 0.026];[0.98, 0.008];[0.966, 0.013];[0.994, 0.009];[16.591, 0.43]
[0, 1, 2, 3, 4];rnm;countries_s1;backward_1;complex;None;100;facts.txt;train.txt;valid.txt;test.txt;domain2constants.txt;rules.txt;1;100;None;TRUE;functional;0;0;200;0.0;0.0;0.01;100;1;binary_crossentropy;0.5;-1;-1;256;FALSE;3;3;TRUE;1;0.0;100;0.0;100;TRUE;0.0;max;3;0.0;['dataset_name', 'grounder', 'kge', 'model_name', 'rule_miner', 'neg', 'e'];countries_s1-backward_1-complex-rnm-None-1-100;4;[0.046, 0.129];[0.045, 0.129];[0.046, 0.129];[1.0, 0.0];[1.0, 0.0];[1.0, 0.0];[1.0, 0.0];[1.0, 0.0];[1.0, 0.0];[0.411, 0.039];[0.412, 0.04];[0.411, 0.039];[0.901, 0.013];[0.879, 0.014];[0.913, 0.015];[0.901, 0.013];[0.879, 0.014];[0.913, 0.015];[0.365, 0.076];[0.402, 0.094];[0.329, 0.06];[0.918, 0.024];[0.874, 0.035];[0.942, 0.023];[0.922, 0.025];[0.874, 0.035];[0.968, 0.024];[16.798, 0.326]
[0, 1, 2, 3, 4];dcr;countries_s1;backward_1;complex;None;100;facts.txt;train.txt;valid.txt;test.txt;domain2constants.txt;rules.txt;1;100;None;TRUE;functional;0;0;200;0.0;0.0;0.01;100;1;binary_crossentropy;0.5;-1;-1;256;FALSE;3;3;TRUE;1;0.0;100;0.0;100;TRUE;0.0;max;3;0.0;['dataset_name', 'grounder', 'kge', 'model_name', 'rule_miner', 'neg', 'e'];countries_s1-backward_1-complex-dcr-None-1-100;4;[0.104, 0.195];[0.093, 0.187];[0.099, 0.184];[1.0, 0.0];[1.0, 0.0];[1.0, 0.0];[1.0, 0.0];[1.0, 0.0];[1.0, 0.0];[0.379, 0.055];[0.358, 0.054];[0.384, 0.066];[0.869, 0.032];[0.839, 0.036];[0.881, 0.035];[0.897, 0.018];[0.86, 0.021];[0.924, 0.02];[0.306, 0.054];[0.331, 0.05];[0.265, 0.051];[0.91, 0.031];[0.858, 0.049];[0.946, 0.02];[0.989, 0.007];[0.98, 0.013];[0.998, 0.006];[21.873, 0.601]
[0, 1, 2, 3, 4];r2n;countries_s1;backward_1;complex;None;100;facts.txt;train.txt;valid.txt;test.txt;domain2constants.txt;rules.txt;1;100;None;TRUE;functional;0;0;200;0.0;0.0;0.01;100;1;binary_crossentropy;0.5;-1;-1;256;FALSE;3;3;TRUE;1;0.0;100;0.0;100;TRUE;0.0;max;3;0.0;['dataset_name', 'grounder', 'kge', 'model_name', 'rule_miner', 'neg', 'e'];countries_s1-backward_1-complex-r2n-None-1-100;4;[0.329, 0.214];[0.353, 0.226];[0.305, 0.202];[1.0, 0.0];[1.0, 0.0];[1.0, 0.0];[1.0, 0.0];[1.0, 0.0];[1.0, 0.0];[0.341, 0.04];[0.312, 0.039];[0.37, 0.05];[0.796, 0.047];[0.747, 0.057];[0.817, 0.049];[0.911, 0.019];[0.867, 0.037];[0.935, 0.025];[0.33, 0.096];[0.373, 0.092];[0.286, 0.104];[0.893, 0.03];[0.832, 0.048];[0.936, 0.033];[0.973, 0.026];[0.964, 0.034];[0.966, 0.032];[17.67, 0.282]
[0, 1, 2, 3, 4];no_reasoner;countries_s1;backward_2;complex;None;100;facts.txt;train.txt;valid.txt;test.txt;domain2constants.txt;rules.txt;1;100;None;TRUE;functional;0;0;200;0.0;0.0;0.01;100;0;binary_crossentropy;0.5;-1;-1;256;FALSE;3;3;TRUE;1;0.0;100;0.0;100;TRUE;0.0;max;3;0.0;['dataset_name', 'grounder', 'kge', 'model_name', 'rule_miner', 'neg', 'e'];countries_s1-backward_2-complex-no_reasoner-None-1-100;4;[0.047, 0.129];[0.047, 0.129];[0.047, 0.129];[1.0, 0.0];[1.0, 0.0];[1.0, 0.0];[1.0, 0.0];[1.0, 0.0];[1.0, 0.0];[0.405, 0.052];[0.405, 0.052];[0.405, 0.052];[0.9, 0.012];[0.879, 0.014];[0.912, 0.014];[0.9, 0.012];[0.879, 0.014];[0.912, 0.014];[0.419, 0.13];[0.419, 0.13];[0.419, 0.13];[0.918, 0.024];[0.874, 0.035];[0.942, 0.023];[0.918, 0.024];[0.874, 0.035];[0.942, 0.023];[15.97, 0.473]
[0, 1, 2, 3, 4];sbr;countries_s1;backward_2;complex;None;100;facts.txt;train.txt;valid.txt;test.txt;domain2constants.txt;rules.txt;1;100;None;TRUE;functional;0;0;200;0.0;0.0;0.01;100;1;binary_crossentropy;0.5;-1;-1;256;FALSE;3;3;TRUE;1;0.0;100;0.0;100;TRUE;0.0;max;3;0.0;['dataset_name', 'grounder', 'kge', 'model_name', 'rule_miner', 'neg', 'e'];countries_s1-backward_2-complex-sbr-None-1-100;4;[0.199, 0.242];[0.199, 0.243];[0.199, 0.241];[1.0, 0.0];[1.0, 0.0];[1.0, 0.0];[1.0, 0.0];[1.0, 0.0];[1.0, 0.0];[0.361, 0.042];[0.351, 0.036];[0.37, 0.048];[0.864, 0.03];[0.834, 0.034];[0.88, 0.028];[0.891, 0.021];[0.846, 0.026];[0.927, 0.033];[0.315, 0.054];[0.341, 0.048];[0.288, 0.063];[0.904, 0.037];[0.844, 0.056];[0.948, 0.029];[0.982, 0.007];[0.966, 0.013];[0.998, 0.006];[16.985, 0.701]
[0, 1, 2, 3, 4];rnm;countries_s1;backward_2;complex;None;100;facts.txt;train.txt;valid.txt;test.txt;domain2constants.txt;rules.txt;1;100;None;TRUE;functional;0;0;200;0.0;0.0;0.01;100;1;binary_crossentropy;0.5;-1;-1;256;FALSE;3;3;TRUE;1;0.0;100;0.0;100;TRUE;0.0;max;3;0.0;['dataset_name', 'grounder', 'kge', 'model_name', 'rule_miner', 'neg', 'e'];countries_s1-backward_2-complex-rnm-None-1-100;4;[0.031, 0.065];[0.031, 0.065];[0.032, 0.065];[1.0, 0.0];[1.0, 0.0];[1.0, 0.0];[1.0, 0.0];[1.0, 0.0];[1.0, 0.0];[0.399, 0.059];[0.399, 0.059];[0.398, 0.058];[0.898, 0.013];[0.876, 0.012];[0.912, 0.02];[0.898, 0.013];[0.876, 0.012];[0.912, 0.02];[0.35, 0.07];[0.385, 0.089];[0.314, 0.053];[0.913, 0.026];[0.864, 0.036];[0.942, 0.024];[0.917, 0.025];[0.864, 0.036];[0.97, 0.02];[17.358, 0.791]
[0, 1, 2, 3, 4];dcr;countries_s1;backward_2;complex;None;100;facts.txt;train.txt;valid.txt;test.txt;domain2constants.txt;rules.txt;1;100;None;TRUE;functional;0;0;200;0.0;0.0;0.01;100;1;binary_crossentropy;0.5;-1;-1;256;FALSE;3;3;TRUE;1;0.0;100;0.0;100;TRUE;0.0;max;3;0.0;['dataset_name', 'grounder', 'kge', 'model_name', 'rule_miner', 'neg', 'e'];countries_s1-backward_2-complex-dcr-None-1-100;4;[0.116, 0.153];[0.091, 0.149];[0.098, 0.145];[1.0, 0.0];[1.0, 0.0];[1.0, 0.0];[1.0, 0.0];[1.0, 0.0];[1.0, 0.0];[0.368, 0.039];[0.337, 0.04];[0.354, 0.051];[0.887, 0.01];[0.862, 0.016];[0.906, 0.016];[0.899, 0.014];[0.861, 0.02];[0.926, 0.019];[0.307, 0.057];[0.314, 0.066];[0.255, 0.051];[0.918, 0.023];[0.872, 0.029];[0.952, 0.027];[0.988, 0.01];[0.976, 0.02];[1.0, 0.0];[22.649, 0.636]
[0, 1, 2, 3, 4];r2n;countries_s1;backward_2;complex;None;100;facts.txt;train.txt;valid.txt;test.txt;domain2constants.txt;rules.txt;1;100;None;TRUE;functional;0;0;200;0.0;0.0;0.01;100;1;binary_crossentropy;0.5;-1;-1;256;FALSE;3;3;TRUE;1;0.0;100;0.0;100;TRUE;0.0;max;3;0.0;['dataset_name', 'grounder', 'kge', 'model_name', 'rule_miner', 'neg', 'e'];countries_s1-backward_2-complex-r2n-None-1-100;4;[0.295, 0.154];[0.318, 0.164];[0.272, 0.144];[1.0, 0.0];[1.0, 0.0];[1.0, 0.0];[1.0, 0.0];[1.0, 0.0];[1.0, 0.0];[0.403, 0.038];[0.307, 0.04];[0.499, 0.083];[0.812, 0.042];[0.765, 0.056];[0.834, 0.038];[0.858, 0.022];[0.803, 0.035];[0.901, 0.023];[0.324, 0.099];[0.364, 0.09];[0.285, 0.108];[0.891, 0.026];[0.828, 0.043];[0.936, 0.038];[0.958, 0.022];[0.946, 0.028];[0.95, 0.034];[18.441, 1.074]
[0, 1, 2, 3, 4];no_reasoner;countries_s1;backward_3;complex;None;100;facts.txt;train.txt;valid.txt;test.txt;domain2constants.txt;rules.txt;1;100;None;TRUE;functional;0;0;200;0.0;0.0;0.01;100;0;binary_crossentropy;0.5;-1;-1;256;FALSE;3;3;TRUE;1;0.0;100;0.0;100;TRUE;0.0;max;3;0.0;['dataset_name', 'grounder', 'kge', 'model_name', 'rule_miner', 'neg', 'e'];countries_s1-backward_3-complex-no_reasoner-None-1-100;4;[0.047, 0.129];[0.047, 0.129];[0.047, 0.129];[1.0, 0.0];[1.0, 0.0];[1.0, 0.0];[1.0, 0.0];[1.0, 0.0];[1.0, 0.0];[0.405, 0.052];[0.405, 0.052];[0.405, 0.052];[0.9, 0.012];[0.879, 0.014];[0.912, 0.014];[0.9, 0.012];[0.879, 0.014];[0.912, 0.014];[0.419, 0.13];[0.419, 0.13];[0.419, 0.13];[0.918, 0.024];[0.874, 0.035];[0.942, 0.023];[0.918, 0.024];[0.874, 0.035];[0.942, 0.023];[16.023, 1.081]
[0, 1, 2, 3, 4];sbr;countries_s1;backward_3;complex;None;100;facts.txt;train.txt;valid.txt;test.txt;domain2constants.txt;rules.txt;1;100;None;TRUE;functional;0;0;200;0.0;0.0;0.01;100;1;binary_crossentropy;0.5;-1;-1;256;FALSE;3;3;TRUE;1;0.0;100;0.0;100;TRUE;0.0;max;3;0.0;['dataset_name', 'grounder', 'kge', 'model_name', 'rule_miner', 'neg', 'e'];countries_s1-backward_3-complex-sbr-None-1-100;4;[0.199, 0.242];[0.199, 0.243];[0.199, 0.241];[1.0, 0.0];[1.0, 0.0];[1.0, 0.0];[1.0, 0.0];[1.0, 0.0];[1.0, 0.0];[0.361, 0.042];[0.351, 0.036];[0.37, 0.048];[0.864, 0.03];[0.834, 0.034];[0.88, 0.028];[0.891, 0.021];[0.846, 0.026];[0.927, 0.033];[0.315, 0.054];[0.341, 0.048];[0.288, 0.063];[0.904, 0.037];[0.844, 0.056];[0.948, 0.029];[0.982, 0.007];[0.966, 0.013];[0.998, 0.006];[17.313, 1.119]
[0, 1, 2, 3, 4];rnm;countries_s1;backward_3;complex;None;100;facts.txt;train.txt;valid.txt;test.txt;domain2constants.txt;rules.txt;1;100;None;TRUE;functional;0;0;200;0.0;0.0;0.01;100;1;binary_crossentropy;0.5;-1;-1;256;FALSE;3;3;TRUE;1;0.0;100;0.0;100;TRUE;0.0;max;3;0.0;['dataset_name', 'grounder', 'kge', 'model_name', 'rule_miner', 'neg', 'e'];countries_s1-backward_3-complex-rnm-None-1-100;4;[0.031, 0.065];[0.031, 0.065];[0.032, 0.065];[1.0, 0.0];[1.0, 0.0];[1.0, 0.0];[1.0, 0.0];[1.0, 0.0];[1.0, 0.0];[0.399, 0.059];[0.399, 0.059];[0.398, 0.058];[0.898, 0.013];[0.876, 0.012];[0.912, 0.02];[0.898, 0.013];[0.876, 0.012];[0.912, 0.02];[0.35, 0.07];[0.385, 0.089];[0.314, 0.053];[0.913, 0.026];[0.864, 0.036];[0.942, 0.024];[0.917, 0.025];[0.864, 0.036];[0.97, 0.02];[17.3, 1.223]
[0, 1, 2, 3, 4];dcr;countries_s1;backward_3;complex;None;100;facts.txt;train.txt;valid.txt;test.txt;domain2constants.txt;rules.txt;1;100;None;TRUE;functional;0;0;200;0.0;0.0;0.01;100;1;binary_crossentropy;0.5;-1;-1;256;FALSE;3;3;TRUE;1;0.0;100;0.0;100;TRUE;0.0;max;3;0.0;['dataset_name', 'grounder', 'kge', 'model_name', 'rule_miner', 'neg', 'e'];countries_s1-backward_3-complex-dcr-None-1-100;4;[0.116, 0.153];[0.091, 0.149];[0.098, 0.145];[1.0, 0.0];[1.0, 0.0];[1.0, 0.0];[1.0, 0.0];[1.0, 0.0];[1.0, 0.0];[0.368, 0.039];[0.337, 0.04];[0.354, 0.051];[0.887, 0.01];[0.862, 0.016];[0.906, 0.016];[0.899, 0.014];[0.861, 0.02];[0.926, 0.019];[0.307, 0.057];[0.314, 0.066];[0.255, 0.051];[0.918, 0.023];[0.872, 0.029];[0.952, 0.027];[0.988, 0.01];[0.976, 0.02];[1.0, 0.0];[22.514, 1.331]
[0, 1, 2, 3, 4];r2n;countries_s1;backward_3;complex;None;100;facts.txt;train.txt;valid.txt;test.txt;domain2constants.txt;rules.txt;1;100;None;TRUE;functional;0;0;200;0.0;0.0;0.01;100;1;binary_crossentropy;0.5;-1;-1;256;FALSE;3;3;TRUE;1;0.0;100;0.0;100;TRUE;0.0;max;3;0.0;['dataset_name', 'grounder', 'kge', 'model_name', 'rule_miner', 'neg', 'e'];countries_s1-backward_3-complex-r2n-None-1-100;4;[0.295, 0.154];[0.318, 0.164];[0.272, 0.144];[1.0, 0.0];[1.0, 0.0];[1.0, 0.0];[1.0, 0.0];[1.0, 0.0];[1.0, 0.0];[0.403, 0.038];[0.307, 0.04];[0.499, 0.083];[0.812, 0.042];[0.765, 0.056];[0.834, 0.038];[0.858, 0.022];[0.803, 0.035];[0.901, 0.023];[0.324, 0.099];[0.364, 0.09];[0.285, 0.108];[0.891, 0.026];[0.828, 0.043];[0.936, 0.038];[0.958, 0.022];[0.946, 0.028];[0.95, 0.034];[18.738, 1.605]
[0, 1, 2, 3, 4];no_reasoner;pharmkg_small;backward_1;complex;amie;100;facts.txt;train.txt;valid.txt;test.txt;domain2constants.txt;rules_amie.txt;1;100;None;TRUE;functional;0;0;200;0.0;0.0;0.01;100;0;binary_crossentropy;0.5;-1;-1;256;FALSE;3;3;TRUE;1;0.0;100;0.0;100;TRUE;0.0;max;3;0.0;['dataset_name', 'grounder', 'kge', 'model_name', 'rule_miner', 'neg', 'e'];pharmkg_small-backward_1-complex-no_reasoner-amie-1-100;4;[0.343, 0.037];[0.343, 0.037];[0.343, 0.037];[0.959, 0.005];[0.921, 0.01];[1.0, 0.0];[0.959, 0.005];[0.921, 0.01];[1.0, 0.0];[0.234, 0.028];[0.234, 0.028];[0.234, 0.028];[0.609, 0.008];[0.56, 0.008];[0.603, 0.01];[0.609, 0.008];[0.56, 0.008];[0.603, 0.01];[0.177, 0.021];[0.177, 0.021];[0.177, 0.021];[0.615, 0.002];[0.555, 0.004];[0.621, 0.005];[0.615, 0.002];[0.555, 0.004];[0.621, 0.005];[50.878, 0.804]
[0, 1, 2, 3, 4];sbr;pharmkg_small;backward_1;complex;amie;100;facts.txt;train.txt;valid.txt;test.txt;domain2constants.txt;rules_amie.txt;1;100;None;TRUE;functional;0;0;200;0.0;0.0;0.01;100;1;binary_crossentropy;0.5;-1;-1;256;FALSE;3;3;TRUE;1;0.0;100;0.0;100;TRUE;0.0;max;3;0.0;['dataset_name', 'grounder', 'kge', 'model_name', 'rule_miner', 'neg', 'e'];pharmkg_small-backward_1-complex-sbr-amie-1-100;4;[0.373, 0.048];[0.365, 0.047];[0.38, 0.048];[0.95, 0.005];[0.903, 0.009];[1.0, 0.0];[0.954, 0.004];[0.91, 0.009];[1.0, 0.0];[0.234, 0.036];[0.226, 0.037];[0.242, 0.034];[0.612, 0.006];[0.562, 0.005];[0.602, 0.008];[0.626, 0.004];[0.575, 0.005];[0.62, 0.007];[0.177, 0.028];[0.172, 0.028];[0.182, 0.027];[0.615, 0.004];[0.553, 0.004];[0.617, 0.007];[0.621, 0.006];[0.558, 0.008];[0.623, 0.006];[175.305, 1.383]
[0, 1, 2, 3, 4];rnm;pharmkg_small;backward_1;complex;amie;100;facts.txt;train.txt;valid.txt;test.txt;domain2constants.txt;rules_amie.txt;1;100;None;TRUE;functional;0;0;200;0.0;0.0;0.01;100;1;binary_crossentropy;0.5;-1;-1;256;FALSE;3;3;TRUE;1;0.0;100;0.0;100;TRUE;0.0;max;3;0.0;['dataset_name', 'grounder', 'kge', 'model_name', 'rule_miner', 'neg', 'e'];pharmkg_small-backward_1-complex-rnm-amie-1-100;4;[0.395, 0.037];[0.394, 0.037];[0.396, 0.036];[0.954, 0.004];[0.91, 0.009];[1.0, 0.0];[0.954, 0.004];[0.91, 0.009];[1.0, 0.0];[0.262, 0.022];[0.262, 0.022];[0.263, 0.022];[0.612, 0.005];[0.563, 0.005];[0.604, 0.007];[0.612, 0.005];[0.563, 0.005];[0.604, 0.007];[0.199, 0.017];[0.199, 0.017];[0.199, 0.017];[0.614, 0.003];[0.554, 0.004];[0.618, 0.008];[0.614, 0.003];[0.554, 0.004];[0.618, 0.007];[188.289, 2.65]
[0, 1, 2, 3, 4];dcr;pharmkg_small;backward_1;complex;amie;100;facts.txt;train.txt;valid.txt;test.txt;domain2constants.txt;rules_amie.txt;1;100;None;TRUE;functional;0;0;200;0.0;0.0;0.01;100;1;binary_crossentropy;0.5;-1;-1;256;FALSE;3;3;TRUE;1;0.0;100;0.0;100;TRUE;0.0;max;3;0.0;['dataset_name', 'grounder', 'kge', 'model_name', 'rule_miner', 'neg', 'e'];pharmkg_small-backward_1-complex-dcr-amie-1-100;4;[1.343, 0.044];[1.008, 0.035];[1.295, 0.097];[0.95, 0.003];[0.901, 0.006];[1.0, 0.0];[0.93, 0.004];[0.863, 0.007];[1.0, 0.0];[1.086, 0.046];[0.792, 0.042];[0.964, 0.078];[0.625, 0.006];[0.574, 0.005];[0.62, 0.008];[0.639, 0.004];[0.588, 0.004];[0.636, 0.004];[0.853, 0.064];[0.587, 0.032];[0.682, 0.055];[0.623, 0.005];[0.559, 0.006];[0.627, 0.004];[0.632, 0.004];[0.568, 0.005];[0.638, 0.003];[749.338, 8.45]
[0, 1, 2, 3, 4];r2n;pharmkg_small;backward_1;complex;amie;100;facts.txt;train.txt;valid.txt;test.txt;domain2constants.txt;rules_amie.txt;1;100;None;TRUE;functional;0;0;200;0.0;0.0;0.01;100;1;binary_crossentropy;0.5;-1;-1;256;FALSE;3;3;TRUE;1;0.0;100;0.0;100;TRUE;0.0;max;3;0.0;['dataset_name', 'grounder', 'kge', 'model_name', 'rule_miner', 'neg', 'e'];pharmkg_small-backward_1-complex-r2n-amie-1-100;4;[0.174, 0.018];[0.257, 0.026];[0.092, 0.009];[0.967, 0.006];[0.937, 0.012];[1.0, 0.0];[0.999, 0.0];[0.998, 0.0];[1.0, 0.0];[0.123, 0.008];[0.122, 0.008];[0.124, 0.009];[0.604, 0.004];[0.556, 0.004];[0.597, 0.006];[0.605, 0.004];[0.557, 0.004];[0.598, 0.005];[0.094, 0.007];[0.093, 0.006];[0.095, 0.007];[0.61, 0.002];[0.55, 0.004];[0.613, 0.005];[0.61, 0.003];[0.55, 0.005];[0.613, 0.005];[434.478, 10.378]
[0, 1, 2, 3, 4];no_reasoner;pharmkg_small;backward_2;complex;amie;100;facts.txt;train.txt;valid.txt;test.txt;domain2constants.txt;rules_amie.txt;1;100;None;TRUE;functional;0;0;200;0.0;0.0;0.01;100;0;binary_crossentropy;0.5;-1;-1;256;FALSE;3;3;TRUE;1;0.0;100;0.0;100;TRUE;0.0;max;3;0.0;['dataset_name', 'grounder', 'kge', 'model_name', 'rule_miner', 'neg', 'e'];pharmkg_small-backward_2-complex-no_reasoner-amie-1-100;4;[0.394, 0.037];[0.394, 0.037];[0.394, 0.037];[0.954, 0.004];[0.91, 0.009];[1.0, 0.0];[0.954, 0.004];[0.91, 0.009];[1.0, 0.0];[0.262, 0.022];[0.262, 0.022];[0.262, 0.022];[0.612, 0.005];[0.564, 0.005];[0.604, 0.007];[0.612, 0.005];[0.564, 0.005];[0.604, 0.007];[0.199, 0.017];[0.199, 0.017];[0.199, 0.017];[0.614, 0.003];[0.553, 0.004];[0.618, 0.007];[0.614, 0.003];[0.553, 0.004];[0.618, 0.007];[52.339, 9.996]
[0, 1, 2, 3, 4];sbr;pharmkg_small;backward_2;complex;amie;100;facts.txt;train.txt;valid.txt;test.txt;domain2constants.txt;rules_amie.txt;1;100;None;TRUE;functional;0;0;200;0.0;0.0;0.01;100;1;binary_crossentropy;0.5;-1;-1;256;FALSE;3;3;TRUE;1;0.0;100;0.0;100;TRUE;0.0;max;3;0.0;['dataset_name', 'grounder', 'kge', 'model_name', 'rule_miner', 'neg', 'e'];pharmkg_small-backward_2-complex-sbr-amie-1-100;4;[0.339, 0.069];[0.324, 0.072];[0.354, 0.066];[0.958, 0.014];[0.917, 0.027];[1.0, 0.0];[0.959, 0.013];[0.919, 0.025];[1.0, 0.0];[0.205, 0.045];[0.193, 0.047];[0.218, 0.043];[0.614, 0.004];[0.564, 0.003];[0.608, 0.005];[0.627, 0.003];[0.575, 0.004];[0.624, 0.004];[0.156, 0.033];[0.147, 0.034];[0.164, 0.032];[0.614, 0.004];[0.553, 0.003];[0.616, 0.008];[0.62, 0.004];[0.557, 0.003];[0.626, 0.005];[628.439, 20.513]
[0, 1, 2, 3, 4];rnm;pharmkg_small;backward_2;complex;amie;100;facts.txt;train.txt;valid.txt;test.txt;domain2constants.txt;rules_amie.txt;1;100;None;TRUE;functional;0;0;200;0.0;0.0;0.01;100;1;binary_crossentropy;0.5;-1;-1;256;FALSE;3;3;TRUE;1;0.0;100;0.0;100;TRUE;0.0;max;3;0.0;['dataset_name', 'grounder', 'kge', 'model_name', 'rule_miner', 'neg', 'e'];pharmkg_small-backward_2-complex-rnm-amie-1-100;4;[0.387, 0.052];[0.385, 0.054];[0.39, 0.05];[0.955, 0.006];[0.912, 0.013];[1.0, 0.0];[0.955, 0.006];[0.912, 0.012];[1.0, 0.0];[0.257, 0.032];[0.255, 0.033];[0.258, 0.031];[0.612, 0.005];[0.564, 0.004];[0.604, 0.008];[0.612, 0.005];[0.564, 0.004];[0.604, 0.008];[0.195, 0.025];[0.194, 0.025];[0.196, 0.024];[0.614, 0.003];[0.554, 0.003];[0.618, 0.007];[0.614, 0.003];[0.554, 0.003];[0.618, 0.007];[659.644, 43.778]
[0, 1, 2, 3, 4];dcr;pharmkg_small;backward_2;complex;amie;100;facts.txt;train.txt;valid.txt;test.txt;domain2constants.txt;rules_amie.txt;1;100;None;TRUE;functional;0;0;200;0.0;0.0;0.01;100;1;binary_crossentropy;0.5;-1;-1;256;FALSE;3;3;TRUE;1;0.0;100;0.0;100;TRUE;0.0;max;3;0.0;['dataset_name', 'grounder', 'kge', 'model_name', 'rule_miner', 'neg', 'e'];pharmkg_small-backward_2-complex-dcr-amie-1-100;4;[1.524, 0.015];[1.118, 0.051];[1.513, 0.098];[0.956, 0.002];[0.914, 0.005];[1.0, 0.0];[0.933, 0.005];[0.869, 0.01];[1.0, 0.0];[1.24, 0.014];[0.881, 0.036];[1.111, 0.068];[0.618, 0.008];[0.568, 0.007];[0.611, 0.011];[0.63, 0.007];[0.578, 0.008];[0.626, 0.007];[0.992, 0.023];[0.656, 0.027];[0.804, 0.052];[0.615, 0.004];[0.553, 0.002];[0.618, 0.007];[0.621, 0.005];[0.557, 0.005];[0.625, 0.007];[1696.883, 49.616]
[0, 1, 2, 3, 4];r2n;pharmkg_small;backward_2;complex;amie;100;facts.txt;train.txt;valid.txt;test.txt;domain2constants.txt;rules_amie.txt;1;100;None;TRUE;functional;0;0;200;0.0;0.0;0.01;100;1;binary_crossentropy;0.5;-1;-1;256;FALSE;3;3;TRUE;1;0.0;100;0.0;100;TRUE;0.0;max;3;0.0;['dataset_name', 'grounder', 'kge', 'model_name', 'rule_miner', 'neg', 'e'];pharmkg_small-backward_2-complex-r2n-amie-1-100;4;[0.306, 0.205];[0.39, 0.152];[0.223, 0.26];[0.908, 0.1];[0.832, 0.173];[1.0, 0.0];[0.994, 0.01];[0.989, 0.019];[1.0, 0.0];[0.191, 0.108];[0.155, 0.098];[0.228, 0.119];[0.599, 0.035];[0.555, 0.024];[0.591, 0.036];[0.611, 0.006];[0.562, 0.005];[0.603, 0.006];[0.144, 0.081];[0.12, 0.075];[0.169, 0.088];[0.598, 0.03];[0.543, 0.016];[0.598, 0.038];[0.607, 0.002];[0.546, 0.004];[0.613, 0.004];[1427.849, 53.366]
[0, 1, 2, 3, 4];no_reasoner;pharmkg_small;backward_3;complex;amie;100;facts.txt;train.txt;valid.txt;test.txt;domain2constants.txt;rules_amie.txt;1;100;None;TRUE;functional;0;0;200;0.0;0.0;0.01;100;0;binary_crossentropy;0.5;-1;-1;256;FALSE;3;3;TRUE;1;0.0;100;0.0;100;TRUE;0.0;max;3;0.0;['dataset_name', 'grounder', 'kge', 'model_name', 'rule_miner', 'neg', 'e'];pharmkg_small-backward_3-complex-no_reasoner-amie-1-100;4;[0.364, 0.031];[0.364, 0.031];[0.364, 0.031];[0.958, 0.003];[0.918, 0.007];[1.0, 0.0];[0.958, 0.003];[0.918, 0.007];[1.0, 0.0];[0.247, 0.02];[0.247, 0.02];[0.247, 0.02];[0.61, 0.005];[0.561, 0.002];[0.603, 0.008];[0.61, 0.005];[0.561, 0.002];[0.603, 0.008];[0.188, 0.014];[0.188, 0.014];[0.188, 0.014];[0.611, 0.004];[0.55, 0.003];[0.614, 0.005];[0.611, 0.004];[0.55, 0.003];[0.614, 0.005];[46.008, 0.334]
[0, 1, 2, 3, 4];sbr;pharmkg_small;backward_3;complex;amie;100;facts.txt;train.txt;valid.txt;test.txt;domain2constants.txt;rules_amie.txt;1;100;None;TRUE;functional;0;0;200;0.0;0.0;0.01;100;1;binary_crossentropy;0.5;-1;-1;256;FALSE;3;3;TRUE;1;0.0;100;0.0;100;TRUE;0.0;max;3;0.0;['dataset_name', 'grounder', 'kge', 'model_name', 'rule_miner', 'neg', 'e'];pharmkg_small-backward_3-complex-sbr-amie-1-100;4;[0.404, 0.069];[0.392, 0.071];[0.416, 0.068];[0.949, 0.007];[0.9, 0.013];[1.0, 0.0];[0.951, 0.007];[0.904, 0.014];[1.0, 0.0];[0.239, 0.047];[0.228, 0.048];[0.25, 0.046];[0.616, 0.009];[0.568, 0.008];[0.609, 0.012];[0.626, 0.009];[0.576, 0.008];[0.621, 0.013];[0.182, 0.036];[0.175, 0.036];[0.189, 0.035];[0.617, 0.009];[0.556, 0.01];[0.623, 0.008];[0.624, 0.007];[0.56, 0.01];[0.63, 0.008];[1393.565, 103.753]
[0, 1, 2, 3, 4];rnm;pharmkg_small;backward_3;complex;amie;100;facts.txt;train.txt;valid.txt;test.txt;domain2constants.txt;rules_amie.txt;1;100;None;TRUE;functional;0;0;200;0.0;0.0;0.01;100;1;binary_crossentropy;0.5;-1;-1;256;FALSE;3;3;TRUE;1;0.0;100;0.0;100;TRUE;0.0;max;3;0.0;['dataset_name', 'grounder', 'kge', 'model_name', 'rule_miner', 'neg', 'e'];pharmkg_small-backward_3-complex-rnm-amie-1-100;4;[0.377, 0.062];[0.374, 0.064];[0.381, 0.06];[0.957, 0.009];[0.915, 0.018];[1.0, 0.0];[0.957, 0.009];[0.915, 0.018];[1.0, 0.0];[0.254, 0.043];[0.252, 0.045];[0.256, 0.043];[0.614, 0.009];[0.564, 0.008];[0.606, 0.013];[0.614, 0.009];[0.564, 0.008];[0.607, 0.013];[0.194, 0.032];[0.193, 0.033];[0.195, 0.032];[0.619, 0.009];[0.56, 0.008];[0.619, 0.011];[0.619, 0.009];[0.56, 0.008];[0.619, 0.011];[1444.312, 96.398]
[0, 1, 2, 3, 4];dcr;pharmkg_small;backward_3;complex;amie;100;facts.txt;train.txt;valid.txt;test.txt;domain2constants.txt;rules_amie.txt;1;100;None;TRUE;functional;0;0;200;0.0;0.0;0.01;100;1;binary_crossentropy;0.5;-1;-1;256;FALSE;3;3;TRUE;1;0.0;100;0.0;100;TRUE;0.0;max;3;0.0;['dataset_name', 'grounder', 'kge', 'model_name', 'rule_miner', 'neg', 'e'];pharmkg_small-backward_3-complex-dcr-amie-1-100;4;[1.583, 0.016];[1.123, 0.059];[1.399, 0.074];[0.952, 0.003];[0.907, 0.006];[1.0, 0.0];[0.933, 0.004];[0.869, 0.008];[1.0, 0.0];[1.294, 0.045];[0.858, 0.036];[1.022, 0.044];[0.622, 0.005];[0.57, 0.005];[0.617, 0.004];[0.631, 0.004];[0.579, 0.004];[0.627, 0.006];[1.038, 0.051];[0.63, 0.032];[0.737, 0.039];[0.621, 0.007];[0.555, 0.006];[0.626, 0.012];[0.622, 0.008];[0.556, 0.009];[0.628, 0.01];[2394.145, 84.308]
[0, 1, 2, 3, 4];r2n;pharmkg_small;backward_3;complex;amie;100;facts.txt;train.txt;valid.txt;test.txt;domain2constants.txt;rules_amie.txt;1;100;None;TRUE;functional;0;0;200;0.0;0.0;0.01;100;1;binary_crossentropy;0.5;-1;-1;256;FALSE;3;3;TRUE;1;0.0;100;0.0;100;TRUE;0.0;max;3;0.0;['dataset_name', 'grounder', 'kge', 'model_name', 'rule_miner', 'neg', 'e'];pharmkg_small-backward_3-complex-r2n-amie-1-100;4;[0.289, 0.133];[0.38, 0.123];[0.197, 0.143];[0.95, 0.014];[0.902, 0.027];[1.0, 0.0];[0.995, 0.005];[0.991, 0.01];[1.0, 0.0];[0.176, 0.079];[0.166, 0.082];[0.185, 0.078];[0.609, 0.009];[0.56, 0.009];[0.601, 0.011];[0.612, 0.006];[0.563, 0.006];[0.603, 0.008];[0.132, 0.063];[0.126, 0.063];[0.138, 0.062];[0.614, 0.005];[0.554, 0.006];[0.617, 0.004];[0.611, 0.006];[0.549, 0.007];[0.613, 0.007];[2676.051, 431.057]
[0, 1, 2, 3, 4];no_reasoner;pharmkg_small_reason_2;backward_1;complex;amie;100;facts.txt;train.txt;valid.txt;test.txt;domain2constants.txt;rules_amie.txt;1;100;None;TRUE;functional;0;0;200;0.0;0.0;0.01;100;0;binary_crossentropy;0.5;-1;-1;256;FALSE;3;3;TRUE;1;0.0;100;0.0;100;TRUE;0.0;max;3;0.0;['dataset_name', 'grounder', 'kge', 'model_name', 'rule_miner', 'neg', 'e'];pharmkg_small_reason_2-backward_1-complex-no_reasoner-amie-1-100;4;[0.354, 0.039];[0.354, 0.039];[0.354, 0.039];[0.974, 0.003];[0.95, 0.006];[1.0, 0.0];[0.974, 0.003];[0.95, 0.006];[1.0, 0.0];[0.301, 0.013];[0.301, 0.013];[0.301, 0.013];[0.59, 0.005];[0.549, 0.004];[0.58, 0.007];[0.59, 0.005];[0.549, 0.004];[0.58, 0.007];[0.256, 0.01];[0.256, 0.01];[0.256, 0.01];[0.575, 0.002];[0.527, 0.002];[0.565, 0.004];[0.575, 0.002];[0.527, 0.002];[0.565, 0.004];[39.408, 4.54]
[0, 1, 2, 3, 4];sbr;pharmkg_small_reason_2;backward_1;complex;amie;100;facts.txt;train.txt;valid.txt;test.txt;domain2constants.txt;rules_amie.txt;1;100;None;TRUE;functional;0;0;200;0.0;0.0;0.01;100;1;binary_crossentropy;0.5;-1;-1;256;FALSE;3;3;TRUE;1;0.0;100;0.0;100;TRUE;0.0;max;3;0.0;['dataset_name', 'grounder', 'kge', 'model_name', 'rule_miner', 'neg', 'e'];pharmkg_small_reason_2-backward_1-complex-sbr-amie-1-100;4;[0.386, 0.037];[0.375, 0.04];[0.398, 0.034];[0.966, 0.004];[0.934, 0.007];[1.0, 0.0];[0.965, 0.004];[0.931, 0.007];[1.0, 0.0];[0.307, 0.014];[0.293, 0.015];[0.321, 0.013];[0.589, 0.004];[0.547, 0.004];[0.579, 0.005];[0.595, 0.005];[0.55, 0.005];[0.586, 0.005];[0.263, 0.011];[0.25, 0.012];[0.275, 0.011];[0.574, 0.004];[0.526, 0.004];[0.564, 0.005];[0.577, 0.004];[0.528, 0.005];[0.568, 0.006];[114.702, 3.643]
[0, 1, 2, 3, 4];rnm;pharmkg_small_reason_2;backward_1;complex;amie;100;facts.txt;train.txt;valid.txt;test.txt;domain2constants.txt;rules_amie.txt;1;100;None;TRUE;functional;0;0;200;0.0;0.0;0.01;100;1;binary_crossentropy;0.5;-1;-1;256;FALSE;3;3;TRUE;1;0.0;100;0.0;100;TRUE;0.0;max;3;0.0;['dataset_name', 'grounder', 'kge', 'model_name', 'rule_miner', 'neg', 'e'];pharmkg_small_reason_2-backward_1-complex-rnm-amie-1-100;4;[0.35, 0.046];[0.349, 0.047];[0.353, 0.045];[0.975, 0.004];[0.951, 0.007];[1.0, 0.0];[0.975, 0.004];[0.951, 0.007];[1.0, 0.0];[0.3, 0.013];[0.3, 0.014];[0.301, 0.013];[0.59, 0.005];[0.549, 0.004];[0.58, 0.006];[0.59, 0.005];[0.549, 0.004];[0.58, 0.006];[0.256, 0.01];[0.255, 0.011];[0.256, 0.01];[0.574, 0.002];[0.527, 0.003];[0.565, 0.004];[0.575, 0.002];[0.527, 0.003];[0.565, 0.004];[125.723, 4.268]
[0, 1, 2, 3, 4];dcr;pharmkg_small_reason_2;backward_1;complex;amie;100;facts.txt;train.txt;valid.txt;test.txt;domain2constants.txt;rules_amie.txt;1;100;None;TRUE;functional;0;0;200;0.0;0.0;0.01;100;1;binary_crossentropy;0.5;-1;-1;256;FALSE;3;3;TRUE;1;0.0;100;0.0;100;TRUE;0.0;max;3;0.0;['dataset_name', 'grounder', 'kge', 'model_name', 'rule_miner', 'neg', 'e'];pharmkg_small_reason_2-backward_1-complex-dcr-amie-1-100;4;[1.486, 0.478];[0.581, 0.131];[0.752, 0.175];[0.968, 0.007];[0.937, 0.014];[1.0, 0.0];[0.954, 0.005];[0.91, 0.01];[1.0, 0.0];[1.611, 0.427];[0.566, 0.123];[0.696, 0.187];[0.597, 0.005];[0.553, 0.005];[0.586, 0.006];[0.603, 0.005];[0.557, 0.006];[0.592, 0.005];[1.533, 0.451];[0.471, 0.102];[0.579, 0.154];[0.58, 0.004];[0.529, 0.004];[0.571, 0.005];[0.581, 0.004];[0.529, 0.004];[0.574, 0.006];[538.615, 9.288]
[0, 1, 2, 3, 4];r2n;pharmkg_small_reason_2;backward_1;complex;amie;100;facts.txt;train.txt;valid.txt;test.txt;domain2constants.txt;rules_amie.txt;1;100;None;TRUE;functional;0;0;200;0.0;0.0;0.01;100;1;binary_crossentropy;0.5;-1;-1;256;FALSE;3;3;TRUE;1;0.0;100;0.0;100;TRUE;0.0;max;3;0.0;['dataset_name', 'grounder', 'kge', 'model_name', 'rule_miner', 'neg', 'e'];pharmkg_small_reason_2-backward_1-complex-r2n-amie-1-100;4;[0.378, 0.219];[0.463, 0.231];[0.293, 0.209];[0.863, 0.118];[0.754, 0.21];[1.0, 0.0];[0.99, 0.01];[0.982, 0.018];[1.0, 0.0];[0.298, 0.077];[0.258, 0.092];[0.337, 0.065];[0.557, 0.028];[0.526, 0.018];[0.547, 0.029];[0.587, 0.002];[0.546, 0.004];[0.583, 0.005];[0.261, 0.062];[0.219, 0.078];[0.303, 0.053];[0.55, 0.021];[0.516, 0.01];[0.539, 0.022];[0.555, 0.011];[0.516, 0.004];[0.546, 0.012];[271.833, 7.368]
[0, 1, 2, 3, 4];no_reasoner;pharmkg_small_reason_2;backward_2;complex;amie;100;facts.txt;train.txt;valid.txt;test.txt;domain2constants.txt;rules_amie.txt;1;100;None;TRUE;functional;0;0;200;0.0;0.0;0.01;100;0;binary_crossentropy;0.5;-1;-1;256;FALSE;3;3;TRUE;1;0.0;100;0.0;100;TRUE;0.0;max;3;0.0;['dataset_name', 'grounder', 'kge', 'model_name', 'rule_miner', 'neg', 'e'];pharmkg_small_reason_2-backward_2-complex-no_reasoner-amie-1-100;4;[0.354, 0.039];[0.354, 0.039];[0.354, 0.039];[0.974, 0.003];[0.95, 0.006];[1.0, 0.0];[0.974, 0.003];[0.95, 0.006];[1.0, 0.0];[0.301, 0.013];[0.301, 0.013];[0.301, 0.013];[0.59, 0.005];[0.549, 0.004];[0.58, 0.007];[0.59, 0.005];[0.549, 0.004];[0.58, 0.007];[0.256, 0.01];[0.256, 0.01];[0.256, 0.01];[0.575, 0.002];[0.527, 0.002];[0.565, 0.004];[0.575, 0.002];[0.527, 0.002];[0.565, 0.004];[36.865, 5.015]
[0, 1, 2, 3, 4];sbr;pharmkg_small_reason_2;backward_2;complex;amie;100;facts.txt;train.txt;valid.txt;test.txt;domain2constants.txt;rules_amie.txt;1;100;None;TRUE;functional;0;0;200;0.0;0.0;0.01;100;1;binary_crossentropy;0.5;-1;-1;256;FALSE;3;3;TRUE;1;0.0;100;0.0;100;TRUE;0.0;max;3;0.0;['dataset_name', 'grounder', 'kge', 'model_name', 'rule_miner', 'neg', 'e'];pharmkg_small_reason_2-backward_2-complex-sbr-amie-1-100;4;[0.397, 0.042];[0.377, 0.046];[0.417, 0.038];[0.966, 0.004];[0.934, 0.008];[1.0, 0.0];[0.963, 0.005];[0.928, 0.01];[1.0, 0.0];[0.31, 0.013];[0.29, 0.016];[0.33, 0.012];[0.59, 0.004];[0.547, 0.003];[0.581, 0.005];[0.596, 0.004];[0.552, 0.004];[0.587, 0.006];[0.265, 0.011];[0.247, 0.013];[0.283, 0.009];[0.576, 0.004];[0.528, 0.003];[0.566, 0.005];[0.576, 0.003];[0.528, 0.004];[0.566, 0.004];[377.946, 32.504]
[0, 1, 2, 3, 4];rnm;pharmkg_small_reason_2;backward_2;complex;amie;100;facts.txt;train.txt;valid.txt;test.txt;domain2constants.txt;rules_amie.txt;1;100;None;TRUE;functional;0;0;200;0.0;0.0;0.01;100;1;binary_crossentropy;0.5;-1;-1;256;FALSE;3;3;TRUE;1;0.0;100;0.0;100;TRUE;0.0;max;3;0.0;['dataset_name', 'grounder', 'kge', 'model_name', 'rule_miner', 'neg', 'e'];pharmkg_small_reason_2-backward_2-complex-rnm-amie-1-100;4;[0.375, 0.036];[0.372, 0.037];[0.377, 0.034];[0.974, 0.003];[0.949, 0.006];[1.0, 0.0];[0.974, 0.003];[0.949, 0.006];[1.0, 0.0];[0.303, 0.01];[0.302, 0.01];[0.304, 0.01];[0.591, 0.004];[0.549, 0.005];[0.582, 0.006];[0.591, 0.004];[0.549, 0.005];[0.582, 0.006];[0.258, 0.008];[0.257, 0.008];[0.259, 0.008];[0.575, 0.003];[0.527, 0.003];[0.565, 0.004];[0.575, 0.003];[0.527, 0.003];[0.565, 0.004];[384.624, 59.1]
[0, 1, 2, 3, 4];dcr;pharmkg_small_reason_2;backward_2;complex;amie;100;facts.txt;train.txt;valid.txt;test.txt;domain2constants.txt;rules_amie.txt;1;100;None;TRUE;functional;0;0;200;0.0;0.0;0.01;100;1;binary_crossentropy;0.5;-1;-1;256;FALSE;3;3;TRUE;1;0.0;100;0.0;100;TRUE;0.0;max;3;0.0;['dataset_name', 'grounder', 'kge', 'model_name', 'rule_miner', 'neg', 'e'];pharmkg_small_reason_2-backward_2-complex-dcr-amie-1-100;4;[1.521, 0.101];[0.84, 0.111];[1.142, 0.165];[0.972, 0.005];[0.945, 0.011];[1.0, 0.0];[0.953, 0.004];[0.909, 0.008];[1.0, 0.0];[1.591, 0.145];[0.785, 0.107];[1.011, 0.161];[0.599, 0.009];[0.553, 0.009];[0.589, 0.012];[0.604, 0.006];[0.558, 0.007];[0.595, 0.01];[1.479, 0.171];[0.648, 0.089];[0.841, 0.135];[0.578, 0.003];[0.527, 0.002];[0.57, 0.005];[0.581, 0.004];[0.531, 0.002];[0.571, 0.008];[1022.644, 25.208]
[0, 1, 2, 3, 4];r2n;pharmkg_small_reason_2;backward_2;complex;amie;100;facts.txt;train.txt;valid.txt;test.txt;domain2constants.txt;rules_amie.txt;1;100;None;TRUE;functional;0;0;200;0.0;0.0;0.01;100;1;binary_crossentropy;0.5;-1;-1;256;FALSE;3;3;TRUE;1;0.0;100;0.0;100;TRUE;0.0;max;3;0.0;['dataset_name', 'grounder', 'kge', 'model_name', 'rule_miner', 'neg', 'e'];pharmkg_small_reason_2-backward_2-complex-r2n-amie-1-100;4;[0.274, 0.091];[0.371, 0.103];[0.178, 0.082];[0.961, 0.016];[0.925, 0.031];[1.0, 0.0];[0.999, 0.001];[0.999, 0.001];[1.0, 0.0];[0.383, 0.053];[0.202, 0.045];[0.564, 0.084];[0.584, 0.006];[0.543, 0.005];[0.573, 0.007];[0.592, 0.005];[0.549, 0.005];[0.583, 0.005];[0.37, 0.053];[0.172, 0.039];[0.568, 0.086];[0.572, 0.002];[0.525, 0.001];[0.563, 0.001];[0.571, 0.002];[0.523, 0.002];[0.561, 0.003];[827.023, 22.376]
[0, 1, 2, 3, 4];no_reasoner;nations;backward_1;complex;amie;100;facts.txt;train.txt;valid.txt;test.txt;domain2constants.txt;rules_amie.txt;1;100;None;TRUE;functional;0;0;200;0.0;0.0;0.01;100;0;binary_crossentropy;0.5;-1;-1;256;FALSE;3;3;TRUE;1;0.0;100;0.0;100;TRUE;0.0;max;3;0.0;['dataset_name', 'grounder', 'kge', 'model_name', 'rule_miner', 'neg', 'e'];nations-backward_1-complex-no_reasoner-amie-1-100;4;[0.26, 0.2];[0.26, 0.2];[0.26, 0.2];[0.975, 0.022];[0.952, 0.042];[1.0, 0.0];[0.975, 0.022];[0.952, 0.042];[1.0, 0.0];[0.232, 0.042];[0.232, 0.042];[0.232, 0.042];[0.656, 0.015];[0.647, 0.015];[0.647, 0.015];[0.656, 0.015];[0.647, 0.015];[0.647, 0.015];[0.292, 0.127];[0.292, 0.127];[0.292, 0.127];[0.71, 0.012];[0.608, 0.013];[0.749, 0.015];[0.71, 0.012];[0.608, 0.013];[0.749, 0.015];[78.182, 11.633]
[0, 1, 2, 3, 4];sbr;nations;backward_1;complex;amie;100;facts.txt;train.txt;valid.txt;test.txt;domain2constants.txt;rules_amie.txt;1;100;None;TRUE;functional;0;0;200;0.0;0.0;0.01;100;1;binary_crossentropy;0.5;-1;-1;256;FALSE;3;3;TRUE;1;0.0;100;0.0;100;TRUE;0.0;max;3;0.0;['dataset_name', 'grounder', 'kge', 'model_name', 'rule_miner', 'neg', 'e'];nations-backward_1-complex-sbr-amie-1-100;4;[0.188, 0.11];[0.183, 0.112];[0.194, 0.108];[0.988, 0.013];[0.976, 0.025];[1.0, 0.0];[0.988, 0.013];[0.977, 0.024];[1.0, 0.0];[0.19, 0.036];[0.185, 0.036];[0.195, 0.035];[0.653, 0.013];[0.644, 0.013];[0.644, 0.013];[0.664, 0.015];[0.655, 0.015];[0.655, 0.015];[0.263, 0.093];[0.268, 0.095];[0.26, 0.09];[0.71, 0.013];[0.607, 0.018];[0.751, 0.016];[0.714, 0.015];[0.613, 0.021];[0.754, 0.016];[130.281, 17.453]
[0, 1, 2, 3, 4];rnm;nations;backward_1;complex;amie;100;facts.txt;train.txt;valid.txt;test.txt;domain2constants.txt;rules_amie.txt;1;100;None;TRUE;functional;0;0;200;0.0;0.0;0.01;100;1;binary_crossentropy;0.5;-1;-1;256;FALSE;3;3;TRUE;1;0.0;100;0.0;100;TRUE;0.0;max;3;0.0;['dataset_name', 'grounder', 'kge', 'model_name', 'rule_miner', 'neg', 'e'];nations-backward_1-complex-rnm-amie-1-100;4;[0.17, 0.122];[0.167, 0.123];[0.174, 0.121];[0.988, 0.016];[0.977, 0.031];[1.0, 0.0];[0.988, 0.016];[0.976, 0.031];[1.0, 0.0];[0.198, 0.024];[0.196, 0.024];[0.199, 0.024];[0.653, 0.014];[0.643, 0.014];[0.644, 0.014];[0.662, 0.016];[0.652, 0.016];[0.652, 0.016];[0.264, 0.063];[0.268, 0.066];[0.26, 0.06];[0.712, 0.01];[0.609, 0.013];[0.755, 0.013];[0.714, 0.012];[0.612, 0.014];[0.756, 0.014];[142.88, 19.371]
[0, 1, 2, 3, 4];dcr;nations;backward_1;complex;amie;100;facts.txt;train.txt;valid.txt;test.txt;domain2constants.txt;rules_amie.txt;1;100;None;TRUE;functional;0;0;200;0.0;0.0;0.01;100;1;binary_crossentropy;0.5;-1;-1;256;FALSE;3;3;TRUE;1;0.0;100;0.0;100;TRUE;0.0;max;3;0.0;['dataset_name', 'grounder', 'kge', 'model_name', 'rule_miner', 'neg', 'e'];nations-backward_1-complex-dcr-amie-1-100;4;[0.79, 0.257];[0.197, 0.02];[0.37, 0.033];[0.978, 0.005];[0.959, 0.009];[1.0, 0.0];[0.976, 0.006];[0.954, 0.011];[1.0, 0.0];[0.925, 0.214];[0.337, 0.056];[0.465, 0.078];[0.676, 0.012];[0.665, 0.012];[0.666, 0.012];[0.685, 0.008];[0.675, 0.008];[0.675, 0.008];[0.979, 0.203];[0.441, 0.075];[0.452, 0.079];[0.727, 0.014];[0.629, 0.017];[0.768, 0.023];[0.728, 0.013];[0.63, 0.016];[0.771, 0.022];[693.954, 65.114]
[0, 1, 2, 3, 4];r2n;nations;backward_1;complex;amie;100;facts.txt;train.txt;valid.txt;test.txt;domain2constants.txt;rules_amie.txt;1;100;None;TRUE;functional;0;0;200;0.0;0.0;0.01;100;1;binary_crossentropy;0.5;-1;-1;256;FALSE;3;3;TRUE;1;0.0;100;0.0;100;TRUE;0.0;max;3;0.0;['dataset_name', 'grounder', 'kge', 'model_name', 'rule_miner', 'neg', 'e'];nations-backward_1-complex-r2n-amie-1-100;4;[0.317, 0.246];[0.375, 0.259];[0.258, 0.236];[0.936, 0.073];[0.881, 0.133];[1.0, 0.0];[0.985, 0.019];[0.971, 0.036];[1.0, 0.0];[0.273, 0.097];[0.257, 0.101];[0.29, 0.093];[0.649, 0.019];[0.639, 0.019];[0.639, 0.019];[0.661, 0.008];[0.651, 0.007];[0.651, 0.007];[0.291, 0.136];[0.283, 0.135];[0.299, 0.137];[0.703, 0.017];[0.601, 0.019];[0.744, 0.023];[0.712, 0.013];[0.61, 0.016];[0.755, 0.015];[208.498, 29.61]
[0, 1, 2, 3, 4];no_reasoner;nations;backward_2;complex;amie;100;facts.txt;train.txt;valid.txt;test.txt;domain2constants.txt;rules_amie.txt;1;100;None;TRUE;functional;0;0;200;0.0;0.0;0.01;100;0;binary_crossentropy;0.5;-1;-1;256;FALSE;3;3;TRUE;1;0.0;100;0.0;100;TRUE;0.0;max;3;0.0;['dataset_name', 'grounder', 'kge', 'model_name', 'rule_miner', 'neg', 'e'];nations-backward_2-complex-no_reasoner-amie-1-100;4;[0.301, 0.175];[0.301, 0.175];[0.301, 0.175];[0.97, 0.02];[0.943, 0.039];[1.0, 0.0];[0.97, 0.02];[0.943, 0.039];[1.0, 0.0];[0.224, 0.034];[0.224, 0.034];[0.224, 0.034];[0.66, 0.013];[0.65, 0.013];[0.651, 0.013];[0.66, 0.013];[0.65, 0.013];[0.651, 0.013];[0.265, 0.115];[0.265, 0.115];[0.265, 0.115];[0.708, 0.014];[0.608, 0.017];[0.743, 0.018];[0.708, 0.014];[0.608, 0.017];[0.743, 0.018];[81.94, 23.795]
[0, 1, 2, 3, 4];sbr;nations;backward_2;complex;amie;100;facts.txt;train.txt;valid.txt;test.txt;domain2constants.txt;rules_amie.txt;1;100;None;TRUE;functional;0;0;200;0.0;0.0;0.01;100;1;binary_crossentropy;0.5;-1;-1;256;FALSE;3;3;TRUE;1;0.0;100;0.0;100;TRUE;0.0;max;3;0.0;['dataset_name', 'grounder', 'kge', 'model_name', 'rule_miner', 'neg', 'e'];nations-backward_2-complex-sbr-amie-1-100;4;[0.177, 0.087];[0.168, 0.089];[0.187, 0.086];[0.989, 0.009];[0.978, 0.017];[1.0, 0.0];[0.99, 0.008];[0.981, 0.016];[1.0, 0.0];[0.187, 0.015];[0.177, 0.014];[0.197, 0.016];[0.656, 0.011];[0.647, 0.01];[0.647, 0.01];[0.662, 0.009];[0.653, 0.009];[0.653, 0.009];[0.264, 0.068];[0.267, 0.07];[0.26, 0.065];[0.71, 0.013];[0.604, 0.014];[0.753, 0.013];[0.711, 0.013];[0.607, 0.015];[0.752, 0.014];[127.29, 24.97]
[0, 1, 2, 3, 4];rnm;nations;backward_2;complex;amie;100;facts.txt;train.txt;valid.txt;test.txt;domain2constants.txt;rules_amie.txt;1;100;None;TRUE;functional;0;0;200;0.0;0.0;0.01;100;1;binary_crossentropy;0.5;-1;-1;256;FALSE;3;3;TRUE;1;0.0;100;0.0;100;TRUE;0.0;max;3;0.0;['dataset_name', 'grounder', 'kge', 'model_name', 'rule_miner', 'neg', 'e'];nations-backward_2-complex-rnm-amie-1-100;4;[0.126, 0.157];[0.121, 0.159];[0.132, 0.156];[0.989, 0.021];[0.979, 0.039];[1.0, 0.0];[0.988, 0.021];[0.978, 0.039];[1.0, 0.0];[0.226, 0.018];[0.223, 0.018];[0.229, 0.019];[0.658, 0.015];[0.648, 0.015];[0.648, 0.015];[0.666, 0.016];[0.656, 0.016];[0.656, 0.016];[0.321, 0.079];[0.328, 0.083];[0.315, 0.075];[0.712, 0.013];[0.612, 0.015];[0.748, 0.012];[0.712, 0.014];[0.613, 0.016];[0.748, 0.014];[142.522, 26.7]
[0, 1, 2, 3, 4];dcr;nations;backward_2;complex;amie;100;facts.txt;train.txt;valid.txt;test.txt;domain2constants.txt;rules_amie.txt;1;100;None;TRUE;functional;0;0;200;0.0;0.0;0.01;100;1;binary_crossentropy;0.5;-1;-1;256;FALSE;3;3;TRUE;1;0.0;100;0.0;100;TRUE;0.0;max;3;0.0;['dataset_name', 'grounder', 'kge', 'model_name', 'rule_miner', 'neg', 'e'];nations-backward_2-complex-dcr-amie-1-100;4;[0.837, 0.248];[0.433, 0.154];[0.681, 0.122];[0.995, 0.004];[0.99, 0.008];[1.0, 0.0];[0.987, 0.011];[0.976, 0.02];[1.0, 0.0];[0.579, 0.085];[0.159, 0.104];[0.444, 0.136];[0.695, 0.012];[0.686, 0.012];[0.686, 0.012];[0.698, 0.012];[0.689, 0.013];[0.689, 0.013];[0.751, 0.069];[0.461, 0.12];[0.484, 0.125];[0.746, 0.015];[0.64, 0.02];[0.807, 0.024];[0.745, 0.015];[0.638, 0.02];[0.809, 0.026];[690.677, 27.256]
[0, 1, 2, 3, 4];r2n;nations;backward_2;complex;amie;100;facts.txt;train.txt;valid.txt;test.txt;domain2constants.txt;rules_amie.txt;1;100;None;TRUE;functional;0;0;200;0.0;0.0;0.01;100;1;binary_crossentropy;0.5;-1;-1;256;FALSE;3;3;TRUE;1;0.0;100;0.0;100;TRUE;0.0;max;3;0.0;['dataset_name', 'grounder', 'kge', 'model_name', 'rule_miner', 'neg', 'e'];nations-backward_2-complex-r2n-amie-1-100;4;[0.352, 0.283];[0.358, 0.269];[0.347, 0.296];[0.955, 0.048];[0.915, 0.09];[1.0, 0.0];[0.961, 0.044];[0.927, 0.082];[1.0, 0.0];[0.266, 0.087];[0.243, 0.078];[0.289, 0.098];[0.643, 0.014];[0.632, 0.014];[0.632, 0.014];[0.649, 0.01];[0.639, 0.009];[0.639, 0.009];[0.256, 0.055];[0.248, 0.05];[0.264, 0.06];[0.703, 0.018];[0.595, 0.022];[0.745, 0.019];[0.699, 0.021];[0.593, 0.024];[0.738, 0.023];[221.305, 36.062]
[0, 1, 2, 3, 4];no_reasoner;nations;backward_3;complex;amie;100;facts.txt;train.txt;valid.txt;test.txt;domain2constants.txt;rules_amie.txt;1;100;None;TRUE;functional;0;0;200;0.0;0.0;0.01;100;0;binary_crossentropy;0.5;-1;-1;256;FALSE;3;3;TRUE;1;0.0;100;0.0;100;TRUE;0.0;max;3;0.0;['dataset_name', 'grounder', 'kge', 'model_name', 'rule_miner', 'neg', 'e'];nations-backward_3-complex-no_reasoner-amie-1-100;4;[0.301, 0.175];[0.301, 0.175];[0.301, 0.175];[0.97, 0.02];[0.943, 0.039];[1.0, 0.0];[0.97, 0.02];[0.943, 0.039];[1.0, 0.0];[0.224, 0.034];[0.224, 0.034];[0.224, 0.034];[0.66, 0.013];[0.65, 0.013];[0.651, 0.013];[0.66, 0.013];[0.65, 0.013];[0.651, 0.013];[0.265, 0.115];[0.265, 0.115];[0.265, 0.115];[0.708, 0.014];[0.608, 0.017];[0.743, 0.018];[0.708, 0.014];[0.608, 0.017];[0.743, 0.018];[88.683, 36.057]
[0, 1, 2, 3, 4];sbr;nations;backward_3;complex;amie;100;facts.txt;train.txt;valid.txt;test.txt;domain2constants.txt;rules_amie.txt;1;100;None;TRUE;functional;0;0;200;0.0;0.0;0.01;100;1;binary_crossentropy;0.5;-1;-1;256;FALSE;3;3;TRUE;1;0.0;100;0.0;100;TRUE;0.0;max;3;0.0;['dataset_name', 'grounder', 'kge', 'model_name', 'rule_miner', 'neg', 'e'];nations-backward_3-complex-sbr-amie-1-100;4;[0.246, 0.263];[0.238, 0.268];[0.255, 0.258];[0.978, 0.027];[0.958, 0.051];[1.0, 0.0];[0.98, 0.025];[0.961, 0.048];[1.0, 0.0];[0.244, 0.047];[0.236, 0.051];[0.254, 0.042];[0.641, 0.007];[0.631, 0.007];[0.632, 0.007];[0.65, 0.011];[0.64, 0.011];[0.64, 0.011];[0.329, 0.111];[0.334, 0.116];[0.324, 0.106];[0.703, 0.015];[0.597, 0.017];[0.741, 0.021];[0.703, 0.011];[0.597, 0.011];[0.74, 0.018];[125.845, 0.416]
[0, 1, 2, 3, 4];rnm;nations;backward_3;complex;amie;100;facts.txt;train.txt;valid.txt;test.txt;domain2constants.txt;rules_amie.txt;1;100;None;TRUE;functional;0;0;200;0.0;0.0;0.01;100;1;binary_crossentropy;0.5;-1;-1;256;FALSE;3;3;TRUE;1;0.0;100;0.0;100;TRUE;0.0;max;3;0.0;['dataset_name', 'grounder', 'kge', 'model_name', 'rule_miner', 'neg', 'e'];nations-backward_3-complex-rnm-amie-1-100;4;[0.219, 0.238];[0.215, 0.241];[0.223, 0.236];[0.983, 0.022];[0.967, 0.043];[1.0, 0.0];[0.983, 0.022];[0.966, 0.043];[1.0, 0.0];[0.257, 0.062];[0.255, 0.063];[0.259, 0.062];[0.639, 0.009];[0.629, 0.009];[0.629, 0.009];[0.644, 0.008];[0.634, 0.007];[0.634, 0.007];[0.336, 0.133];[0.343, 0.139];[0.33, 0.127];[0.705, 0.018];[0.598, 0.019];[0.746, 0.022];[0.706, 0.016];[0.599, 0.016];[0.745, 0.021];[140.426, 2.817]
[0, 1, 2, 3, 4];dcr;nations;backward_3;complex;amie;100;facts.txt;train.txt;valid.txt;test.txt;domain2constants.txt;rules_amie.txt;1;100;None;TRUE;functional;0;0;200;0.0;0.0;0.01;100;1;binary_crossentropy;0.5;-1;-1;256;FALSE;3;3;TRUE;1;0.0;100;0.0;100;TRUE;0.0;max;3;0.0;['dataset_name', 'grounder', 'kge', 'model_name', 'rule_miner', 'neg', 'e'];nations-backward_3-complex-dcr-amie-1-100;4;[0.975, 0.337];[0.376, 0.169];[0.621, 0.18];[0.99, 0.008];[0.98, 0.015];[1.0, 0.0];[0.982, 0.011];[0.965, 0.021];[1.0, 0.0];[0.792, 0.301];[0.171, 0.105];[0.457, 0.135];[0.68, 0.021];[0.67, 0.021];[0.67, 0.021];[0.677, 0.02];[0.667, 0.021];[0.667, 0.021];[0.943, 0.273];[0.454, 0.146];[0.476, 0.145];[0.745, 0.018];[0.643, 0.023];[0.791, 0.019];[0.742, 0.019];[0.641, 0.025];[0.789, 0.021];[689.749, 11.396]
[0, 1, 2, 3, 4];r2n;nations;backward_3;complex;amie;100;facts.txt;train.txt;valid.txt;test.txt;domain2constants.txt;rules_amie.txt;1;100;None;TRUE;functional;0;0;200;0.0;0.0;0.01;100;1;binary_crossentropy;0.5;-1;-1;256;FALSE;3;3;TRUE;1;0.0;100;0.0;100;TRUE;0.0;max;3;0.0;['dataset_name', 'grounder', 'kge', 'model_name', 'rule_miner', 'neg', 'e'];nations-backward_3-complex-r2n-amie-1-100;4;[0.382, 0.25];[0.394, 0.251];[0.37, 0.249];[0.959, 0.03];[0.921, 0.057];[1.0, 0.0];[0.965, 0.027];[0.934, 0.051];[1.0, 0.0];[0.275, 0.059];[0.267, 0.058];[0.283, 0.06];[0.642, 0.009];[0.632, 0.009];[0.632, 0.009];[0.648, 0.008];[0.639, 0.008];[0.639, 0.008];[0.275, 0.115];[0.272, 0.112];[0.278, 0.118];[0.707, 0.009];[0.603, 0.011];[0.741, 0.016];[0.705, 0.01];[0.601, 0.011];[0.738, 0.016];[228.508, 14.22]
[0, 1, 2, 3, 4];no_reasoner;kinship_family;backward_1;complex;amie;100;facts.txt;train.txt;valid.txt;test.txt;domain2constants.txt;rules_amie.txt;1;100;1000;TRUE;functional;0;0;200;0.0;0.0;0.01;100;0;binary_crossentropy;0.5;-1;-1;256;FALSE;3;3;TRUE;1;0.0;100;0.0;100;TRUE;0.0;max;3;0.0;['dataset_name', 'grounder', 'kge', 'model_name', 'rule_miner', 'neg', 'e'];kinship_family-backward_1-complex-no_reasoner-amie-1-100;4;[0.188, 0.032];[0.188, 0.032];[0.188, 0.032];[1.0, 0.0];[1.0, 0.0];[1.0, 0.0];[1.0, 0.0];[1.0, 0.0];[1.0, 0.0];[0.363, 0.003];[0.363, 0.003];[0.363, 0.003];[0.711, 0.013];[0.663, 0.013];[0.725, 0.014];[0.711, 0.013];[0.663, 0.013];[0.725, 0.014];[0.362, 0.003];[0.362, 0.003];[0.362, 0.003];[0.618, 0.014];[0.587, 0.012];[0.627, 0.015];[0.618, 0.014];[0.587, 0.012];[0.627, 0.015];[147.246, 52.705]
[0, 1, 2, 3, 4];sbr;kinship_family;backward_1;complex;amie;100;facts.txt;train.txt;valid.txt;test.txt;domain2constants.txt;rules_amie.txt;1;100;1000;TRUE;functional;0;0;200;0.0;0.0;0.01;100;1;binary_crossentropy;0.5;-1;-1;256;FALSE;3;3;TRUE;1;0.0;100;0.0;100;TRUE;0.0;max;3;0.0;['dataset_name', 'grounder', 'kge', 'model_name', 'rule_miner', 'neg', 'e'];kinship_family-backward_1-complex-sbr-amie-1-100;4;[0.009, 0.008];[0.01, 0.01];[0.008, 0.007];[1.0, 0.0];[1.0, 0.0];[1.0, 0.0];[1.0, 0.0];[1.0, 0.0];[1.0, 0.0];[0.508, 0.064];[0.509, 0.064];[0.507, 0.064];[0.645, 0.013];[0.594, 0.012];[0.656, 0.016];[0.875, 0.004];[0.853, 0.005];[0.885, 0.004];[0.511, 0.064];[0.511, 0.064];[0.51, 0.065];[0.562, 0.01];[0.538, 0.008];[0.564, 0.011];[0.82, 0.008];[0.79, 0.012];[0.839, 0.006];[744.185, 358.975]
[0, 1, 2, 3, 4];rnm;kinship_family;backward_1;complex;amie;100;facts.txt;train.txt;valid.txt;test.txt;domain2constants.txt;rules_amie.txt;1;100;1000;TRUE;functional;0;0;200;0.0;0.0;0.01;100;1;binary_crossentropy;0.5;-1;-1;256;FALSE;3;3;TRUE;1;0.0;100;0.0;100;TRUE;0.0;max;3;0.0;['dataset_name', 'grounder', 'kge', 'model_name', 'rule_miner', 'neg', 'e'];kinship_family-backward_1-complex-rnm-amie-1-100;4;[0.181, 0.025];[0.181, 0.025];[0.181, 0.025];[1.0, 0.0];[1.0, 0.0];[1.0, 0.0];[1.0, 0.0];[1.0, 0.0];[1.0, 0.0];[0.363, 0.002];[0.363, 0.002];[0.363, 0.002];[0.714, 0.016];[0.666, 0.016];[0.729, 0.017];[0.714, 0.016];[0.666, 0.016];[0.729, 0.017];[0.363, 0.002];[0.363, 0.002];[0.363, 0.002];[0.622, 0.016];[0.59, 0.014];[0.631, 0.018];[0.622, 0.016];[0.59, 0.014];[0.631, 0.018];[751.917, 337.97]
[0, 1, 2, 3, 4];dcr;kinship_family;backward_1;complex;amie;100;facts.txt;train.txt;valid.txt;test.txt;domain2constants.txt;rules_amie.txt;1;100;1000;TRUE;functional;0;0;200;0.0;0.0;0.01;100;1;binary_crossentropy;0.5;-1;-1;256;FALSE;3;3;TRUE;1;0.0;100;0.0;100;TRUE;0.0;max;3;0.0;['dataset_name', 'grounder', 'kge', 'model_name', 'rule_miner', 'neg', 'e'];kinship_family-backward_1-complex-dcr-amie-1-100;4;[0.025, 0.008];[0.024, 0.008];[0.02, 0.006];[0.999, 0.002];[0.998, 0.003];[1.0, 0.0];[1.0, 0.0];[1.0, 0.0];[1.0, 0.0];[0.525, 0.024];[0.52, 0.026];[0.518, 0.026];[0.767, 0.022];[0.721, 0.023];[0.786, 0.023];[0.914, 0.006];[0.902, 0.006];[0.918, 0.006];[0.529, 0.024];[0.521, 0.026];[0.521, 0.026];[0.673, 0.022];[0.639, 0.021];[0.684, 0.023];[0.893, 0.006];[0.883, 0.006];[0.897, 0.007];[1009.607, 374.337]
[0, 1, 2, 3, 4];r2n;kinship_family;backward_1;complex;amie;100;facts.txt;train.txt;valid.txt;test.txt;domain2constants.txt;rules_amie.txt;1;100;1000;TRUE;functional;0;0;200;0.0;0.0;0.01;100;1;binary_crossentropy;0.5;-1;-1;256;FALSE;3;3;TRUE;1;0.0;100;0.0;100;TRUE;0.0;max;3;0.0;['dataset_name', 'grounder', 'kge', 'model_name', 'rule_miner', 'neg', 'e'];kinship_family-backward_1-complex-r2n-amie-1-100;4;[0.573, 0.034];[0.677, 0.039];[0.468, 0.03];[0.922, 0.056];[0.855, 0.102];[1.0, 0.0];[0.997, 0.003];[0.995, 0.005];[1.0, 0.0];[0.347, 0.0];[0.35, 0.0];[0.345, 0.0];[0.533, 0.007];[0.509, 0.004];[0.523, 0.009];[0.883, 0.001];[0.878, 0.001];[0.881, 0.002];[0.347, 0.0];[0.347, 0.0];[0.346, 0.0];[0.506, 0.002];[0.502, 0.001];[0.504, 0.002];[0.883, 0.0];[0.882, 0.0];[0.882, 0.0];[975.226, 392.843]
[0, 1, 2, 3, 4];no_reasoner;kinship_family;backward_2;complex;amie;100;facts.txt;train.txt;valid.txt;test.txt;domain2constants.txt;rules_amie.txt;1;100;1000;TRUE;functional;0;0;200;0.0;0.0;0.01;100;0;binary_crossentropy;0.5;-1;-1;256;FALSE;3;3;TRUE;1;0.0;100;0.0;100;TRUE;0.0;max;3;0.0;['dataset_name', 'grounder', 'kge', 'model_name', 'rule_miner', 'neg', 'e'];kinship_family-backward_2-complex-no_reasoner-amie-1-100;4;[0.172, 0.002];[0.172, 0.002];[0.172, 0.002];[1.0, 0.0];[1.0, 0.0];[1.0, 0.0];[1.0, 0.0];[1.0, 0.0];[1.0, 0.0];[0.364, 0.0];[0.364, 0.0];[0.364, 0.0];[0.718, 0.016];[0.67, 0.017];[0.732, 0.017];[0.718, 0.016];[0.67, 0.017];[0.732, 0.017];[0.364, 0.0];[0.364, 0.0];[0.364, 0.0];[0.625, 0.017];[0.593, 0.016];[0.634, 0.019];[0.625, 0.017];[0.593, 0.016];[0.634, 0.019];[184.929, 11.845]
[0, 1, 2, 3, 4];sbr;kinship_family;backward_2;complex;amie;100;facts.txt;train.txt;valid.txt;test.txt;domain2constants.txt;rules_amie.txt;1;100;1000;TRUE;functional;0;0;200;0.0;0.0;0.01;100;1;binary_crossentropy;0.5;-1;-1;256;FALSE;3;3;TRUE;1;0.0;100;0.0;100;TRUE;0.0;max;3;0.0;['dataset_name', 'grounder', 'kge', 'model_name', 'rule_miner', 'neg', 'e'];kinship_family-backward_2-complex-sbr-amie-1-100;4;[0.007, 0.01];[0.009, 0.012];[0.007, 0.008];[1.0, 0.0];[1.0, 0.0];[1.0, 0.0];[1.0, 0.0];[1.0, 0.0];[1.0, 0.0];[0.525, 0.056];[0.526, 0.056];[0.524, 0.056];[0.666, 0.01];[0.617, 0.009];[0.678, 0.013];[0.894, 0.004];[0.874, 0.005];[0.905, 0.004];[0.527, 0.055];[0.527, 0.056];[0.527, 0.055];[0.579, 0.007];[0.554, 0.005];[0.582, 0.008];[0.838, 0.008];[0.807, 0.011];[0.86, 0.006];[8414.32, 1014.147]
[0, 1, 2, 3, 4];rnm;kinship_family;backward_2;complex;amie;100;facts.txt;train.txt;valid.txt;test.txt;domain2constants.txt;rules_amie.txt;1;100;1000;TRUE;functional;0;0;200;0.0;0.0;0.01;100;1;binary_crossentropy;0.5;-1;-1;256;FALSE;3;3;TRUE;1;0.0;100;0.0;100;TRUE;0.0;max;3;0.0;['dataset_name', 'grounder', 'kge', 'model_name', 'rule_miner', 'neg', 'e'];kinship_family-backward_2-complex-rnm-amie-1-100;4;[0.173, 0.002];[0.173, 0.002];[0.173, 0.002];[1.0, 0.0];[1.0, 0.0];[1.0, 0.0];[1.0, 0.0];[1.0, 0.0];[1.0, 0.0];[0.364, 0.001];[0.364, 0.001];[0.364, 0.001];[0.712, 0.019];[0.664, 0.02];[0.728, 0.02];[0.712, 0.019];[0.664, 0.02];[0.728, 0.02];[0.364, 0.0];[0.364, 0.0];[0.364, 0.0];[0.623, 0.02];[0.591, 0.018];[0.632, 0.022];[0.623, 0.02];[0.591, 0.018];[0.632, 0.022];[12181.414, 543.025]
[0, 1, 2, 3, 4];dcr;kinship_family;backward_2;complex;amie;100;facts.txt;train.txt;valid.txt;test.txt;domain2constants.txt;rules_amie.txt;1;100;1000;TRUE;functional;0;0;200;0.0;0.0;0.01;100;1;binary_crossentropy;0.5;-1;-1;256;FALSE;3;3;TRUE;1;0.0;100;0.0;100;TRUE;0.0;max;3;0.0;['dataset_name', 'grounder', 'kge', 'model_name', 'rule_miner', 'neg', 'e'];kinship_family-backward_2-complex-dcr-amie-1-100;4;[0.023, 0.009];[0.009, 0.005];[0.007, 0.003];[1.0, 0.0];[1.0, 0.0];[1.0, 0.0];[1.0, 0.0];[1.0, 0.0];[1.0, 0.0];[0.72, 0.056];[0.702, 0.057];[0.7, 0.056];[0.868, 0.046];[0.832, 0.056];[0.893, 0.04];[0.951, 0.015];[0.941, 0.018];[0.957, 0.013];[0.726, 0.056];[0.703, 0.055];[0.703, 0.055];[0.763, 0.058];[0.711, 0.057];[0.795, 0.066];[0.918, 0.025];[0.895, 0.03];[0.938, 0.023];[10213.172, 4043.766]
[0, 1, 2, 3, 4];r2n;kinship_family;backward_2;complex;amie;100;facts.txt;train.txt;valid.txt;test.txt;domain2constants.txt;rules_amie.txt;1;100;1000;TRUE;functional;0;0;200;0.0;0.0;0.01;100;1;binary_crossentropy;0.5;-1;-1;256;FALSE;3;3;TRUE;1;0.0;100;0.0;100;TRUE;0.0;max;3;0.0;['dataset_name', 'grounder', 'kge', 'model_name', 'rule_miner', 'neg', 'e'];kinship_family-backward_2-complex-r2n-amie-1-100;4;[0.58, 0.001];[0.693, 0.0];[0.468, 0.001];[0.767, 0.065];[0.585, 0.11];[1.0, 0.0];[1.0, 0.0];[1.0, 0.0];[1.0, 0.0];[0.348, 0.0];[0.35, 0.0];[0.346, 0.0];[0.53, 0.001];[0.508, 0.001];[0.52, 0.001];[0.968, 0.0];[0.966, 0.0];[0.968, 0.0];[0.348, 0.0];[0.347, 0.0];[0.349, 0.0];[0.505, 0.0];[0.501, 0.0];[0.503, 0.0];[0.965, 0.0];[0.961, 0.001];[0.969, 0.0];[4505.424, 328.837]

[0, 1, 2, 3, 4];no_reasoner;countries_s2;backward_1;complex;None;100;facts.txt;train.txt;valid.txt;test.txt;domain2constants.txt;rules.txt;1;100;None;True;functional;0;0;200;0.0;0.0;0.01;100;0;binary_crossentropy;0.5;-1;-1;256;False;3;3;True;1;0.0;100;0.0;100;True;0.0;max;3;0.0;['dataset_name', 'grounder', 'kge', 'model_name', 'rule_miner', 'neg', 'e'];countries_s2-backward_1-complex-no_reasoner-None-1-100;4;[0.14, 0.229];[0.14, 0.229];[0.14, 0.229];[1.0, 0.0];[1.0, 0.0];[1.0, 0.0];[1.0, 0.0];[1.0, 0.0];[1.0, 0.0];[0.368, 0.056];[0.368, 0.056];[0.368, 0.056];[0.808, 0.014];[0.784, 0.014];[0.812, 0.01];[0.808, 0.014];[0.784, 0.014];[0.812, 0.01];[0.368, 0.061];[0.368, 0.061];[0.368, 0.061];[0.912, 0.02];[0.864, 0.02];[0.948, 0.041];[0.912, 0.02];[0.864, 0.02];[0.948, 0.041];[14.981, 0.772]
[0, 1, 2, 3, 4];sbr;countries_s2;backward_1;complex;None;100;facts.txt;train.txt;valid.txt;test.txt;domain2constants.txt;rules.txt;1;100;None;True;functional;0;0;200;0.0;0.0;0.01;100;1;binary_crossentropy;0.5;-1;-1;256;False;3;3;True;1;0.0;100;0.0;100;True;0.0;max;3;0.0;['dataset_name', 'grounder', 'kge', 'model_name', 'rule_miner', 'neg', 'e'];countries_s2-backward_1-complex-sbr-None-1-100;4;[0.119, 0.233];[0.12, 0.234];[0.119, 0.233];[1.0, 0.0];[1.0, 0.0];[1.0, 0.0];[1.0, 0.0];[1.0, 0.0];[1.0, 0.0];[0.392, 0.045];[0.392, 0.045];[0.392, 0.045];[0.805, 0.017];[0.784, 0.021];[0.804, 0.016];[0.815, 0.012];[0.796, 0.014];[0.814, 0.014];[0.414, 0.038];[0.414, 0.038];[0.413, 0.039];[0.911, 0.014];[0.86, 0.013];[0.948, 0.037];[0.913, 0.014];[0.864, 0.008];[0.948, 0.037];[24.153, 0.216]
[0, 1, 2, 3, 4];rnm;countries_s2;backward_1;complex;None;100;facts.txt;train.txt;valid.txt;test.txt;domain2constants.txt;rules.txt;1;100;None;True;functional;0;0;200;0.0;0.0;0.01;100;1;binary_crossentropy;0.5;-1;-1;256;False;3;3;True;1;0.0;100;0.0;100;True;0.0;max;3;0.0;['dataset_name', 'grounder', 'kge', 'model_name', 'rule_miner', 'neg', 'e'];countries_s2-backward_1-complex-rnm-None-1-100;4;[0.14, 0.229];[0.14, 0.229];[0.14, 0.229];[1.0, 0.0];[1.0, 0.0];[1.0, 0.0];[1.0, 0.0];[1.0, 0.0];[1.0, 0.0];[0.368, 0.056];[0.368, 0.056];[0.368, 0.056];[0.808, 0.014];[0.784, 0.014];[0.812, 0.01];[0.808, 0.014];[0.784, 0.014];[0.812, 0.01];[0.368, 0.061];[0.368, 0.061];[0.368, 0.061];[0.912, 0.02];[0.864, 0.02];[0.948, 0.041];[0.912, 0.02];[0.864, 0.02];[0.948, 0.041];[24.364, 0.26]
[0, 1, 2, 3, 4];dcr;countries_s2;backward_1;complex;None;100;facts.txt;train.txt;valid.txt;test.txt;domain2constants.txt;rules.txt;1;100;None;True;functional;0;0;200;0.0;0.0;0.01;100;1;binary_crossentropy;0.5;-1;-1;256;False;3;3;True;1;0.0;100;0.0;100;True;0.0;max;3;0.0;['dataset_name', 'grounder', 'kge', 'model_name', 'rule_miner', 'neg', 'e'];countries_s2-backward_1-complex-dcr-None-1-100;4;[0.045, 0.051];[0.04, 0.045];[0.039, 0.045];[1.0, 0.0];[1.0, 0.0];[1.0, 0.0];[1.0, 0.0];[1.0, 0.0];[1.0, 0.0];[0.376, 0.063];[0.37, 0.067];[0.37, 0.067];[0.809, 0.014];[0.788, 0.017];[0.806, 0.01];[0.814, 0.01];[0.796, 0.01];[0.808, 0.01];[0.363, 0.06];[0.359, 0.065];[0.357, 0.066];[0.912, 0.018];[0.864, 0.02];[0.952, 0.035];[0.912, 0.018];[0.864, 0.02];[0.952, 0.035];[34.504, 0.626]
[0, 1, 2, 3, 4];r2n;countries_s2;backward_1;complex;None;100;facts.txt;train.txt;valid.txt;test.txt;domain2constants.txt;rules.txt;1;100;None;True;functional;0;0;200;0.0;0.0;0.01;100;1;binary_crossentropy;0.5;-1;-1;256;False;3;3;True;1;0.0;100;0.0;100;True;0.0;max;3;0.0;['dataset_name', 'grounder', 'kge', 'model_name', 'rule_miner', 'neg', 'e'];countries_s2-backward_1-complex-r2n-None-1-100;4;[0.037, 0.074];[0.045, 0.09];[0.029, 0.059];[1.0, 0.0];[1.0, 0.0];[1.0, 0.0];[1.0, 0.0];[1.0, 0.0];[1.0, 0.0];[0.328, 0.038];[0.328, 0.038];[0.328, 0.039];[0.785, 0.03];[0.754, 0.043];[0.792, 0.022];[0.806, 0.005];[0.786, 0.005];[0.804, 0.005];[0.409, 0.097];[0.412, 0.092];[0.405, 0.101];[0.901, 0.012];[0.848, 0.027];[0.936, 0.046];[0.907, 0.011];[0.86, 0.013];[0.936, 0.046];[26.003, 0.286]
[0, 1, 2, 3, 4];no_reasoner;countries_s2;backward_2;complex;None;100;facts.txt;train.txt;valid.txt;test.txt;domain2constants.txt;rules.txt;1;100;None;True;functional;0;0;200;0.0;0.0;0.01;100;0;binary_crossentropy;0.5;-1;-1;256;False;3;3;True;1;0.0;100;0.0;100;True;0.0;max;3;0.0;['dataset_name', 'grounder', 'kge', 'model_name', 'rule_miner', 'neg', 'e'];countries_s2-backward_2-complex-no_reasoner-None-1-100;4;[0.14, 0.229];[0.14, 0.229];[0.14, 0.229];[1.0, 0.0];[1.0, 0.0];[1.0, 0.0];[1.0, 0.0];[1.0, 0.0];[1.0, 0.0];[0.368, 0.056];[0.368, 0.056];[0.368, 0.056];[0.808, 0.014];[0.784, 0.014];[0.812, 0.01];[0.808, 0.014];[0.784, 0.014];[0.812, 0.01];[0.368, 0.061];[0.368, 0.061];[0.368, 0.061];[0.912, 0.02];[0.864, 0.02];[0.948, 0.041];[0.912, 0.02];[0.864, 0.02];[0.948, 0.041];[14.904, 0.718]
[0, 1, 2, 3, 4];sbr;countries_s2;backward_2;complex;None;100;facts.txt;train.txt;valid.txt;test.txt;domain2constants.txt;rules.txt;1;100;None;True;functional;0;0;200;0.0;0.0;0.01;100;1;binary_crossentropy;0.5;-1;-1;256;False;3;3;True;1;0.0;100;0.0;100;True;0.0;max;3;0.0;['dataset_name', 'grounder', 'kge', 'model_name', 'rule_miner', 'neg', 'e'];countries_s2-backward_2-complex-sbr-None-1-100;4;[0.014, 0.026];[0.015, 0.027];[0.014, 0.026];[1.0, 0.0];[1.0, 0.0];[1.0, 0.0];[1.0, 0.0];[1.0, 0.0];[1.0, 0.0];[0.39, 0.045];[0.39, 0.045];[0.39, 0.045];[0.797, 0.015];[0.766, 0.026];[0.808, 0.012];[0.806, 0.01];[0.782, 0.016];[0.81, 0.011];[0.418, 0.104];[0.418, 0.104];[0.417, 0.105];[0.907, 0.013];[0.852, 0.027];[0.948, 0.032];[0.911, 0.009];[0.86, 0.013];[0.948, 0.032];[33.893, 0.06]
[0, 1, 2, 3, 4];rnm;countries_s2;backward_2;complex;None;100;facts.txt;train.txt;valid.txt;test.txt;domain2constants.txt;rules.txt;1;100;None;True;functional;0;0;200;0.0;0.0;0.01;100;1;binary_crossentropy;0.5;-1;-1;256;False;3;3;True;1;0.0;100;0.0;100;True;0.0;max;3;0.0;['dataset_name', 'grounder', 'kge', 'model_name', 'rule_miner', 'neg', 'e'];countries_s2-backward_2-complex-rnm-None-1-100;4;[0.144, 0.231];[0.144, 0.231];[0.144, 0.231];[1.0, 0.0];[1.0, 0.0];[1.0, 0.0];[1.0, 0.0];[1.0, 0.0];[1.0, 0.0];[0.398, 0.066];[0.398, 0.066];[0.398, 0.066];[0.807, 0.013];[0.782, 0.013];[0.812, 0.012];[0.807, 0.013];[0.782, 0.013];[0.812, 0.012];[0.426, 0.113];[0.426, 0.113];[0.426, 0.113];[0.912, 0.018];[0.864, 0.02];[0.944, 0.032];[0.912, 0.018];[0.864, 0.02];[0.944, 0.032];[34.007, 0.827]
[0, 1, 2, 3, 4];dcr;countries_s2;backward_2;complex;None;100;facts.txt;train.txt;valid.txt;test.txt;domain2constants.txt;rules.txt;1;100;None;True;functional;0;0;200;0.0;0.0;0.01;100;1;binary_crossentropy;0.5;-1;-1;256;False;3;3;True;1;0.0;100;0.0;100;True;0.0;max;3;0.0;['dataset_name', 'grounder', 'kge', 'model_name', 'rule_miner', 'neg', 'e'];countries_s2-backward_2-complex-dcr-None-1-100;4;[0.169, 0.135];[0.138, 0.12];[0.135, 0.12];[1.0, 0.0];[1.0, 0.0];[1.0, 0.0];[1.0, 0.0];[1.0, 0.0];[1.0, 0.0];[0.397, 0.103];[0.364, 0.117];[0.364, 0.117];[0.791, 0.024];[0.766, 0.029];[0.792, 0.019];[0.8, 0.015];[0.778, 0.017];[0.8, 0.014];[0.35, 0.038];[0.319, 0.039];[0.314, 0.041];[0.906, 0.032];[0.852, 0.047];[0.952, 0.03];[0.912, 0.026];[0.864, 0.034];[0.952, 0.03];[48.215, 1.244]
[0, 1, 2, 3, 4];r2n;countries_s2;backward_2;complex;None;100;facts.txt;train.txt;valid.txt;test.txt;domain2constants.txt;rules.txt;1;100;None;True;functional;0;0;200;0.0;0.0;0.01;100;1;binary_crossentropy;0.5;-1;-1;256;False;3;3;True;1;0.0;100;0.0;100;True;0.0;max;3;0.0;['dataset_name', 'grounder', 'kge', 'model_name', 'rule_miner', 'neg', 'e'];countries_s2-backward_2-complex-r2n-None-1-100;4;[0.498, 0.248];[0.538, 0.263];[0.457, 0.235];[0.989, 0.009];[0.978, 0.018];[1.0, 0.0];[0.991, 0.007];[0.983, 0.014];[1.0, 0.0];[0.341, 0.054];[0.324, 0.045];[0.358, 0.063];[0.63, 0.091];[0.596, 0.099];[0.622, 0.094];[0.821, 0.012];[0.798, 0.013];[0.832, 0.017];[0.366, 0.008];[0.404, 0.015];[0.327, 0.025];[0.835, 0.047];[0.744, 0.087];[0.908, 0.01];[0.964, 0.034];[0.948, 0.047];[0.976, 0.029];[39.512, 1.488]
[0, 1, 2, 3, 4];no_reasoner;countries_s2;backward_3;complex;None;100;facts.txt;train.txt;valid.txt;test.txt;domain2constants.txt;rules.txt;1;100;None;True;functional;0;0;200;0.0;0.0;0.01;100;0;binary_crossentropy;0.5;-1;-1;256;False;3;3;True;1;0.0;100;0.0;100;True;0.0;max;3;0.0;['dataset_name', 'grounder', 'kge', 'model_name', 'rule_miner', 'neg', 'e'];countries_s2-backward_3-complex-no_reasoner-None-1-100;4;[0.14, 0.229];[0.14, 0.229];[0.14, 0.229];[1.0, 0.0];[1.0, 0.0];[1.0, 0.0];[1.0, 0.0];[1.0, 0.0];[1.0, 0.0];[0.368, 0.056];[0.368, 0.056];[0.368, 0.056];[0.808, 0.014];[0.784, 0.014];[0.812, 0.01];[0.808, 0.014];[0.784, 0.014];[0.812, 0.01];[0.368, 0.061];[0.368, 0.061];[0.368, 0.061];[0.912, 0.02];[0.864, 0.02];[0.948, 0.041];[0.912, 0.02];[0.864, 0.02];[0.948, 0.041];[15.309, 1.669]
[0, 1, 2, 3, 4];sbr;countries_s2;backward_3;complex;None;100;facts.txt;train.txt;valid.txt;test.txt;domain2constants.txt;rules.txt;1;100;None;True;functional;0;0;200;0.0;0.0;0.01;100;1;binary_crossentropy;0.5;-1;-1;256;False;3;3;True;1;0.0;100;0.0;100;True;0.0;max;3;0.0;['dataset_name', 'grounder', 'kge', 'model_name', 'rule_miner', 'neg', 'e'];countries_s2-backward_3-complex-sbr-None-1-100;4;[0.014, 0.026];[0.015, 0.027];[0.014, 0.026];[1.0, 0.0];[1.0, 0.0];[1.0, 0.0];[1.0, 0.0];[1.0, 0.0];[1.0, 0.0];[0.39, 0.045];[0.39, 0.045];[0.39, 0.045];[0.797, 0.015];[0.766, 0.026];[0.808, 0.012];[0.806, 0.01];[0.782, 0.016];[0.81, 0.011];[0.418, 0.104];[0.418, 0.104];[0.417, 0.105];[0.907, 0.013];[0.852, 0.027];[0.948, 0.032];[0.911, 0.009];[0.86, 0.013];[0.948, 0.032];[33.623, 1.537]
[0, 1, 2, 3, 4];rnm;countries_s2;backward_3;complex;None;100;facts.txt;train.txt;valid.txt;test.txt;domain2constants.txt;rules.txt;1;100;None;True;functional;0;0;200;0.0;0.0;0.01;100;1;binary_crossentropy;0.5;-1;-1;256;False;3;3;True;1;0.0;100;0.0;100;True;0.0;max;3;0.0;['dataset_name', 'grounder', 'kge', 'model_name', 'rule_miner', 'neg', 'e'];countries_s2-backward_3-complex-rnm-None-1-100;4;[0.144, 0.231];[0.144, 0.231];[0.144, 0.231];[1.0, 0.0];[1.0, 0.0];[1.0, 0.0];[1.0, 0.0];[1.0, 0.0];[1.0, 0.0];[0.398, 0.066];[0.398, 0.066];[0.398, 0.066];[0.807, 0.013];[0.782, 0.013];[0.812, 0.012];[0.807, 0.013];[0.782, 0.013];[0.812, 0.012];[0.426, 0.113];[0.426, 0.113];[0.426, 0.113];[0.912, 0.018];[0.864, 0.02];[0.944, 0.032];[0.912, 0.018];[0.864, 0.02];[0.944, 0.032];[34.221, 1.846]
[0, 1, 2, 3, 4];dcr;countries_s2;backward_3;complex;None;100;facts.txt;train.txt;valid.txt;test.txt;domain2constants.txt;rules.txt;1;100;None;True;functional;0;0;200;0.0;0.0;0.01;100;1;binary_crossentropy;0.5;-1;-1;256;False;3;3;True;1;0.0;100;0.0;100;True;0.0;max;3;0.0;['dataset_name', 'grounder', 'kge', 'model_name', 'rule_miner', 'neg', 'e'];countries_s2-backward_3-complex-dcr-None-1-100;4;[0.169, 0.135];[0.138, 0.12];[0.135, 0.12];[1.0, 0.0];[1.0, 0.0];[1.0, 0.0];[1.0, 0.0];[1.0, 0.0];[1.0, 0.0];[0.397, 0.103];[0.364, 0.117];[0.364, 0.117];[0.791, 0.024];[0.766, 0.029];[0.792, 0.019];[0.8, 0.015];[0.778, 0.017];[0.8, 0.014];[0.35, 0.038];[0.319, 0.039];[0.314, 0.041];[0.906, 0.032];[0.852, 0.047];[0.952, 0.03];[0.912, 0.026];[0.864, 0.034];[0.952, 0.03];[48.147, 2.263]
[0, 1, 2, 3, 4];r2n;countries_s2;backward_3;complex;None;100;facts.txt;train.txt;valid.txt;test.txt;domain2constants.txt;rules.txt;1;100;None;True;functional;0;0;200;0.0;0.0;0.01;100;1;binary_crossentropy;0.5;-1;-1;256;False;3;3;True;1;0.0;100;0.0;100;True;0.0;max;3;0.0;['dataset_name', 'grounder', 'kge', 'model_name', 'rule_miner', 'neg', 'e'];countries_s2-backward_3-complex-r2n-None-1-100;4;[0.498, 0.248];[0.538, 0.263];[0.457, 0.235];[0.989, 0.009];[0.978, 0.018];[1.0, 0.0];[0.991, 0.007];[0.983, 0.014];[1.0, 0.0];[0.341, 0.054];[0.324, 0.045];[0.358, 0.063];[0.63, 0.091];[0.596, 0.099];[0.622, 0.094];[0.821, 0.012];[0.798, 0.013];[0.832, 0.017];[0.366, 0.008];[0.404, 0.015];[0.327, 0.025];[0.835, 0.047];[0.744, 0.087];[0.908, 0.01];[0.964, 0.034];[0.948, 0.047];[0.976, 0.029];[40.098, 2.355]
[0, 1, 2, 3, 4];no_reasoner;countries_s3;backward_1;complex;None;100;facts.txt;train.txt;valid.txt;test.txt;domain2constants.txt;rules.txt;1;100;None;True;functional;0;0;200;0.0;0.0;0.01;100;0;binary_crossentropy;0.5;-1;-1;256;False;3;3;True;1;0.0;100;0.0;100;True;0.0;max;3;0.0;['dataset_name', 'grounder', 'kge', 'model_name', 'rule_miner', 'neg', 'e'];countries_s3-backward_1-complex-no_reasoner-None-1-100;4;[0.042, 0.082];[0.042, 0.082];[0.042, 0.082];[1.0, 0.0];[1.0, 0.0];[1.0, 0.0];[1.0, 0.0];[1.0, 0.0];[1.0, 0.0];[0.461, 0.073];[0.461, 0.073];[0.461, 0.073];[0.73, 0.006];[0.71, 0.006];[0.724, 0.01];[0.73, 0.006];[0.71, 0.006];[0.724, 0.01];[0.497, 0.075];[0.497, 0.075];[0.497, 0.075];[0.832, 0.019];[0.74, 0.036];[0.908, 0.024];[0.832, 0.019];[0.74, 0.036];[0.908, 0.024];[15.032, 2.207]
[0, 1, 2, 3, 4];sbr;countries_s3;backward_1;complex;None;100;facts.txt;train.txt;valid.txt;test.txt;domain2constants.txt;rules.txt;1;100;None;True;functional;0;0;200;0.0;0.0;0.01;100;1;binary_crossentropy;0.5;-1;-1;256;False;3;3;True;1;0.0;100;0.0;100;True;0.0;max;3;0.0;['dataset_name', 'grounder', 'kge', 'model_name', 'rule_miner', 'neg', 'e'];countries_s3-backward_1-complex-sbr-None-1-100;4;[0.151, 0.244];[0.149, 0.245];[0.153, 0.243];[1.0, 0.0];[1.0, 0.0];[1.0, 0.0];[1.0, 0.0];[1.0, 0.0];[1.0, 0.0];[0.428, 0.094];[0.387, 0.065];[0.469, 0.124];[0.711, 0.005];[0.688, 0.007];[0.706, 0.008];[0.737, 0.015];[0.696, 0.019];[0.73, 0.013];[0.38, 0.041];[0.41, 0.045];[0.349, 0.044];[0.823, 0.01];[0.72, 0.013];[0.916, 0.015];[0.961, 0.008];[0.936, 0.015];[0.984, 0.008];[44.935, 2.103]
[0, 1, 2, 3, 4];rnm;countries_s3;backward_1;complex;None;100;facts.txt;train.txt;valid.txt;test.txt;domain2constants.txt;rules.txt;1;100;None;True;functional;0;0;200;0.0;0.0;0.01;100;1;binary_crossentropy;0.5;-1;-1;256;False;3;3;True;1;0.0;100;0.0;100;True;0.0;max;3;0.0;['dataset_name', 'grounder', 'kge', 'model_name', 'rule_miner', 'neg', 'e'];countries_s3-backward_1-complex-rnm-None-1-100;4;[0.042, 0.082];[0.041, 0.082];[0.043, 0.082];[1.0, 0.0];[1.0, 0.0];[1.0, 0.0];[1.0, 0.0];[1.0, 0.0];[1.0, 0.0];[0.465, 0.068];[0.464, 0.067];[0.466, 0.068];[0.731, 0.004];[0.712, 0.004];[0.724, 0.01];[0.732, 0.004];[0.712, 0.004];[0.724, 0.01];[0.464, 0.055];[0.489, 0.063];[0.438, 0.048];[0.835, 0.02];[0.744, 0.039];[0.912, 0.02];[0.837, 0.021];[0.744, 0.039];[0.928, 0.032];[45.394, 2.377]
[0, 1, 2, 3, 4];dcr;countries_s3;backward_1;complex;None;100;facts.txt;train.txt;valid.txt;test.txt;domain2constants.txt;rules.txt;1;100;None;True;functional;0;0;200;0.0;0.0;0.01;100;1;binary_crossentropy;0.5;-1;-1;256;False;3;3;True;1;0.0;100;0.0;100;True;0.0;max;3;0.0;['dataset_name', 'grounder', 'kge', 'model_name', 'rule_miner', 'neg', 'e'];countries_s3-backward_1-complex-dcr-None-1-100;4;[0.013, 0.005];[0.004, 0.005];[0.017, 0.005];[1.0, 0.0];[1.0, 0.0];[1.0, 0.0];[1.0, 0.0];[1.0, 0.0];[1.0, 0.0];[0.567, 0.067];[0.477, 0.048];[0.65, 0.087];[0.731, 0.013];[0.712, 0.013];[0.72, 0.013];[0.756, 0.008];[0.722, 0.007];[0.75, 0.017];[0.439, 0.07];[0.47, 0.072];[0.402, 0.07];[0.836, 0.019];[0.744, 0.027];[0.908, 0.02];[0.968, 0.005];[0.944, 0.008];[0.988, 0.016];[59.673, 3.295]
[0, 1, 2, 3, 4];r2n;countries_s3;backward_1;complex;None;100;facts.txt;train.txt;valid.txt;test.txt;domain2constants.txt;rules.txt;1;100;None;True;functional;0;0;200;0.0;0.0;0.01;100;1;binary_crossentropy;0.5;-1;-1;256;False;3;3;True;1;0.0;100;0.0;100;True;0.0;max;3;0.0;['dataset_name', 'grounder', 'kge', 'model_name', 'rule_miner', 'neg', 'e'];countries_s3-backward_1-complex-r2n-None-1-100;4;[0.566, 0.09];[0.604, 0.092];[0.527, 0.088];[0.999, 0.002];[0.998, 0.004];[1.0, 0.0];[0.999, 0.001];[0.999, 0.001];[1.0, 0.0];[0.366, 0.01];[0.342, 0.009];[0.39, 0.021];[0.647, 0.03];[0.614, 0.034];[0.65, 0.03];[0.752, 0.01];[0.728, 0.012];[0.752, 0.013];[0.372, 0.008];[0.407, 0.009];[0.337, 0.007];[0.809, 0.019];[0.712, 0.027];[0.88, 0.036];[0.896, 0.01];[0.844, 0.015];[0.932, 0.02];[47.117, 2.803]
[0, 1, 2, 3, 4];no_reasoner;countries_s3;backward_2;complex;None;100;facts.txt;train.txt;valid.txt;test.txt;domain2constants.txt;rules.txt;1;100;None;True;functional;0;0;200;0.0;0.0;0.01;100;0;binary_crossentropy;0.5;-1;-1;256;False;3;3;True;1;0.0;100;0.0;100;True;0.0;max;3;0.0;['dataset_name', 'grounder', 'kge', 'model_name', 'rule_miner', 'neg', 'e'];countries_s3-backward_2-complex-no_reasoner-None-1-100;4;[0.042, 0.082];[0.042, 0.082];[0.042, 0.082];[1.0, 0.0];[1.0, 0.0];[1.0, 0.0];[1.0, 0.0];[1.0, 0.0];[1.0, 0.0];[0.461, 0.073];[0.461, 0.073];[0.461, 0.073];[0.73, 0.006];[0.71, 0.006];[0.724, 0.01];[0.73, 0.006];[0.71, 0.006];[0.724, 0.01];[0.497, 0.075];[0.497, 0.075];[0.497, 0.075];[0.832, 0.019];[0.74, 0.036];[0.908, 0.024];[0.832, 0.019];[0.74, 0.036];[0.908, 0.024];[15.314, 2.751]
[0, 1, 2, 3, 4];sbr;countries_s3;backward_2;complex;None;100;facts.txt;train.txt;valid.txt;test.txt;domain2constants.txt;rules.txt;1;100;None;True;functional;0;0;200;0.0;0.0;0.01;100;1;binary_crossentropy;0.5;-1;-1;256;False;3;3;True;1;0.0;100;0.0;100;True;0.0;max;3;0.0;['dataset_name', 'grounder', 'kge', 'model_name', 'rule_miner', 'neg', 'e'];countries_s3-backward_2-complex-sbr-None-1-100;4;[0.291, 0.237];[0.289, 0.239];[0.292, 0.236];[1.0, 0.0];[1.0, 0.0];[1.0, 0.0];[1.0, 0.001];[0.999, 0.001];[1.0, 0.0];[0.429, 0.138];[0.357, 0.049];[0.5, 0.23];[0.699, 0.014];[0.676, 0.019];[0.696, 0.008];[0.731, 0.01];[0.694, 0.01];[0.734, 0.005];[0.462, 0.135];[0.409, 0.054];[0.515, 0.218];[0.81, 0.015];[0.7, 0.033];[0.884, 0.023];[0.939, 0.015];[0.888, 0.024];[1.0, 0.0];[93.62, 4.242]
[0, 1, 2, 3, 4];rnm;countries_s3;backward_2;complex;None;100;facts.txt;train.txt;valid.txt;test.txt;domain2constants.txt;rules.txt;1;100;None;True;functional;0;0;200;0.0;0.0;0.01;100;1;binary_crossentropy;0.5;-1;-1;256;False;3;3;True;1;0.0;100;0.0;100;True;0.0;max;3;0.0;['dataset_name', 'grounder', 'kge', 'model_name', 'rule_miner', 'neg', 'e'];countries_s3-backward_2-complex-rnm-None-1-100;4;[0.002, 0.001];[0.001, 0.0];[0.004, 0.001];[1.0, 0.0];[1.0, 0.0];[1.0, 0.0];[1.0, 0.0];[1.0, 0.0];[1.0, 0.0];[0.501, 0.024];[0.494, 0.024];[0.507, 0.024];[0.733, 0.006];[0.71, 0.006];[0.728, 0.007];[0.733, 0.006];[0.71, 0.006];[0.728, 0.007];[0.5, 0.04];[0.522, 0.046];[0.477, 0.036];[0.836, 0.018];[0.744, 0.029];[0.912, 0.016];[0.839, 0.017];[0.744, 0.029];[0.936, 0.015];[94.22, 4.499]
[0, 1, 2, 3, 4];dcr;countries_s3;backward_2;complex;None;100;facts.txt;train.txt;valid.txt;test.txt;domain2constants.txt;rules.txt;1;100;None;True;functional;0;0;200;0.0;0.0;0.01;100;1;binary_crossentropy;0.5;-1;-1;256;False;3;3;True;1;0.0;100;0.0;100;True;0.0;max;3;0.0;['dataset_name', 'grounder', 'kge', 'model_name', 'rule_miner', 'neg', 'e'];countries_s3-backward_2-complex-dcr-None-1-100;4;[0.074, 0.034];[0.024, 0.022];[0.041, 0.015];[1.0, 0.0];[1.0, 0.0];[1.0, 0.0];[1.0, 0.0];[1.0, 0.0];[1.0, 0.0];[0.599, 0.147];[0.416, 0.082];[0.678, 0.242];[0.726, 0.005];[0.702, 0.004];[0.728, 0.012];[0.73, 0.01];[0.69, 0.018];[0.736, 0.014];[0.575, 0.102];[0.392, 0.026];[0.655, 0.219];[0.842, 0.026];[0.752, 0.047];[0.912, 0.02];[0.949, 0.016];[0.912, 0.027];[0.992, 0.01];[113.594, 5.237]
[0, 1, 2, 3, 4];r2n;countries_s3;backward_2;complex;None;100;facts.txt;train.txt;valid.txt;test.txt;domain2constants.txt;rules.txt;1;100;None;True;functional;0;0;200;0.0;0.0;0.01;100;1;binary_crossentropy;0.5;-1;-1;256;False;3;3;True;1;0.0;100;0.0;100;True;0.0;max;3;0.0;['dataset_name', 'grounder', 'kge', 'model_name', 'rule_miner', 'neg', 'e'];countries_s3-backward_2-complex-r2n-None-1-100;4;[0.558, 0.066];[0.624, 0.056];[0.492, 0.076];[0.996, 0.006];[0.993, 0.012];[1.0, 0.0];[0.998, 0.002];[0.997, 0.003];[1.0, 0.0];[0.395, 0.022];[0.342, 0.007];[0.447, 0.039];[0.623, 0.033];[0.59, 0.038];[0.622, 0.026];[0.752, 0.009];[0.724, 0.01];[0.738, 0.012];[0.362, 0.016];[0.408, 0.006];[0.315, 0.027];[0.775, 0.019];[0.664, 0.023];[0.844, 0.041];[0.997, 0.005];[0.996, 0.008];[1.0, 0.0];[103.373, 6.295]
[0, 1, 2, 3, 4];no_reasoner;countries_s3;backward_3;complex;None;100;facts.txt;train.txt;valid.txt;test.txt;domain2constants.txt;rules.txt;1;100;None;True;functional;0;0;200;0.0;0.0;0.01;100;0;binary_crossentropy;0.5;-1;-1;256;False;3;3;True;1;0.0;100;0.0;100;True;0.0;max;3;0.0;['dataset_name', 'grounder', 'kge', 'model_name', 'rule_miner', 'neg', 'e'];countries_s3-backward_3-complex-no_reasoner-None-1-100;4;[0.042, 0.082];[0.042, 0.082];[0.042, 0.082];[1.0, 0.0];[1.0, 0.0];[1.0, 0.0];[1.0, 0.0];[1.0, 0.0];[1.0, 0.0];[0.461, 0.073];[0.461, 0.073];[0.461, 0.073];[0.73, 0.006];[0.71, 0.006];[0.724, 0.01];[0.73, 0.006];[0.71, 0.006];[0.724, 0.01];[0.497, 0.075];[0.497, 0.075];[0.497, 0.075];[0.832, 0.019];[0.74, 0.036];[0.908, 0.024];[0.832, 0.019];[0.74, 0.036];[0.908, 0.024];[13.961, 0.017]
[0, 1, 2, 3, 4];sbr;countries_s3;backward_3;complex;None;100;facts.txt;train.txt;valid.txt;test.txt;domain2constants.txt;rules.txt;1;100;None;True;functional;0;0;200;0.0;0.0;0.01;100;1;binary_crossentropy;0.5;-1;-1;256;False;3;3;True;1;0.0;100;0.0;100;True;0.0;max;3;0.0;['dataset_name', 'grounder', 'kge', 'model_name', 'rule_miner', 'neg', 'e'];countries_s3-backward_3-complex-sbr-None-1-100;4;[0.13, 0.147];[0.12, 0.151];[0.139, 0.143];[1.0, 0.0];[1.0, 0.0];[1.0, 0.0];[1.0, 0.0];[1.0, 0.0];[1.0, 0.0];[0.422, 0.048];[0.342, 0.008];[0.501, 0.089];[0.703, 0.009];[0.678, 0.012];[0.694, 0.017];[0.731, 0.011];[0.69, 0.014];[0.72, 0.006];[0.484, 0.087];[0.391, 0.034];[0.577, 0.149];[0.818, 0.017];[0.72, 0.025];[0.896, 0.023];[0.943, 0.013];[0.908, 0.02];[0.976, 0.023];[126.946, 8.965]
[0, 1, 2, 3, 4];rnm;countries_s3;backward_3;complex;None;100;facts.txt;train.txt;valid.txt;test.txt;domain2constants.txt;rules.txt;1;100;None;True;functional;0;0;200;0.0;0.0;0.01;100;1;binary_crossentropy;0.5;-1;-1;256;False;3;3;True;1;0.0;100;0.0;100;True;0.0;max;3;0.0;['dataset_name', 'grounder', 'kge', 'model_name', 'rule_miner', 'neg', 'e'];countries_s3-backward_3-complex-rnm-None-1-100;4;[0.003, 0.001];[0.0, 0.0];[0.006, 0.001];[1.0, 0.0];[1.0, 0.0];[1.0, 0.0];[1.0, 0.0];[1.0, 0.0];[1.0, 0.0];[0.493, 0.022];[0.488, 0.022];[0.498, 0.022];[0.735, 0.008];[0.71, 0.006];[0.734, 0.012];[0.735, 0.008];[0.71, 0.006];[0.734, 0.012];[0.478, 0.014];[0.497, 0.015];[0.458, 0.014];[0.842, 0.015];[0.752, 0.027];[0.928, 0.016];[0.845, 0.015];[0.752, 0.027];[0.948, 0.01];[128.493, 10.828]
[0, 1, 2, 3, 4];dcr;countries_s3;backward_3;complex;None;100;facts.txt;train.txt;valid.txt;test.txt;domain2constants.txt;rules.txt;1;100;None;True;functional;0;0;200;0.0;0.0;0.01;100;1;binary_crossentropy;0.5;-1;-1;256;False;3;3;True;1;0.0;100;0.0;100;True;0.0;max;3;0.0;['dataset_name', 'grounder', 'kge', 'model_name', 'rule_miner', 'neg', 'e'];countries_s3-backward_3-complex-dcr-None-1-100;4;[0.199, 0.26];[0.135, 0.253];[0.153, 0.245];[1.0, 0.0];[1.0, 0.0];[1.0, 0.0];[1.0, 0.001];[0.999, 0.001];[1.0, 0.0];[0.64, 0.174];[0.487, 0.111];[0.684, 0.278];[0.725, 0.018];[0.698, 0.017];[0.726, 0.019];[0.736, 0.015];[0.704, 0.019];[0.732, 0.013];[0.664, 0.213];[0.49, 0.084];[0.728, 0.393];[0.849, 0.039];[0.776, 0.071];[0.884, 0.008];[0.924, 0.014];[0.884, 0.023];[0.96, 0.028];[173.356, 14.834]
[0, 1, 2, 3, 4];r2n;countries_s3;backward_3;complex;None;100;facts.txt;train.txt;valid.txt;test.txt;domain2constants.txt;rules.txt;1;100;None;True;functional;0;0;200;0.0;0.0;0.01;100;1;binary_crossentropy;0.5;-1;-1;256;False;3;3;True;1;0.0;100;0.0;100;True;0.0;max;3;0.0;['dataset_name', 'grounder', 'kge', 'model_name', 'rule_miner', 'neg', 'e'];countries_s3-backward_3-complex-r2n-None-1-100;4;[0.496, 0.134];[0.577, 0.135];[0.415, 0.134];[0.989, 0.014];[0.978, 0.027];[1.0, 0.0];[1.0, 0.0];[1.0, 0.0];[1.0, 0.0];[0.383, 0.016];[0.338, 0.015];[0.429, 0.035];[0.609, 0.044];[0.576, 0.044];[0.606, 0.046];[0.751, 0.01];[0.728, 0.012];[0.746, 0.015];[0.362, 0.009];[0.403, 0.015];[0.322, 0.011];[0.79, 0.027];[0.684, 0.034];[0.864, 0.05];[0.932, 0.05];[0.896, 0.077];[0.964, 0.039];[152.532, 12.322]