dataset_name;grounder;kge;model_name;rule_miner;seed;kge_atom_embedding_size;batch_size;val_batch_size;test_batch_size;facts_file;train_file;valid_file;test_file;domain_file;rules_file;corrupt_mode;num_negatives;valid_negatives;test_negatives;ragged;format;engine_num_negatives;engine_num_adaptive_constants;constant_embedding_size;predicate_embedding_size;dropout_rate_embedder;kge_regularization;learning_rate;lr_sched;optimizer;early_stopping;epochs;num_rules;loss;weight_loss;cdcr_use_positional_embeddings;cdcr_num_formulas;valid_frequency;resnet;r2n_prediction_type;reasoner_depth;reasoner_regularization_factor;reasoner_formula_hidden_embedding_size;reasoner_dropout_rate;kge_dropout_rate;reasoner_atom_embedding_size;signed;temperature;aggregation_type;filter_num_heads;filter_activity_regularization;keys_signature;run_signature;ckpt_folder;load_model_ckpt;save_model_ckpt;load_kge_ckpt;save_kge_ckpt;seed_run_i;time_ground_train;time_ground_valid;time_ground_test;time_train;time_inference;time_ground_train;time_ground_valid;time_ground_test;time_train;time_inference;train_loss;train_concept_loss;train_task_loss;train_concept_mrr;train_concept_hits@1;train_concept_hits@3;train_concept_hits@10;train_task_mrr;train_task_hits@1;train_task_hits@3;train_task_hits@10;valid_loss;valid_concept_loss;valid_task_loss;valid_concept_mrr;valid_concept_hits@1;valid_concept_hits@3;valid_concept_hits@10;valid_task_mrr;valid_task_hits@1;valid_task_hits@3;valid_task_hits@10;test_loss;test_concept_loss;test_task_loss;test_concept_mrr;test_concept_hits@1;test_concept_hits@3;test_concept_hits@10;test_task_mrr;test_task_hits@1;test_task_hits@3;test_task_hits@10
countries_s1;backward_0_1;complex;dcr;None;[0, 1, 2, 3, 4];100;256;256;256;facts.txt;train.txt;valid.txt;test.txt;domain2constants.txt;rules.txt;TAIL;1;100;None;TRUE;functional;0;0;200;200;0.0;0.0;0.01;plateau;adam;TRUE;100;1;binary_crossentropy;0.5;FALSE;3;1;TRUE;full;1;0.0;100;0.0;0.0;100;TRUE;0.0;max;3;0.0;['dataset_name', 'grounder', 'kge', 'model_name', 'rule_miner', 'neg', 'e', 'train_batch_size', 'val_batch_size', 'test_batch_size'];countries_s1-backward_0_1-complex-dcr-None-1-100-256-256-256;./../checkpoints/;FALSE;TRUE;FALSE;TRUE;4;0.0;0.05;0.01;29.93;0.1;[0.0, 0.0];[0.05, 0.0];[0.01, 0.0];[30.202, 0.181];[0.106, 0.005];[0.009, 0.002];[0.007, 0.002];[0.01, 0.002];[1.0, 0.0];[1.0, 0.0];[1.0, 0.0];[1.0, 0.0];[1.0, 0.0];[1.0, 0.0];[1.0, 0.0];[1.0, 0.0];[0.028, 0.004];[0.005, 0.002];[0.043, 0.008];[0.99, 0.019];[0.983, 0.033];[1.0, 0.0];[1.0, 0.0];[1.0, 0.0];[1.0, 0.0];[1.0, 0.0];[1.0, 0.0];[0.044, 0.02];[0.081, 0.04];[0.004, 0.001];[1.0, 0.0];[1.0, 0.0];[1.0, 0.0];[1.0, 0.0];[1.0, 0.0];[1.0, 0.0];[1.0, 0.0];[1.0, 0.0]
countries_s1;backward_0_1;complex;sbr;None;[0, 1, 2, 3, 4];100;256;256;256;facts.txt;train.txt;valid.txt;test.txt;domain2constants.txt;rules.txt;TAIL;1;100;None;TRUE;functional;0;0;200;200;0.0;0.0;0.01;plateau;adam;TRUE;100;1;binary_crossentropy;0.5;FALSE;3;1;TRUE;full;1;0.0;100;0.0;0.0;100;TRUE;0.0;max;3;0.0;['dataset_name', 'grounder', 'kge', 'model_name', 'rule_miner', 'neg', 'e', 'train_batch_size', 'val_batch_size', 'test_batch_size'];countries_s1-backward_0_1-complex-sbr-None-1-100-256-256-256;./../checkpoints/;FALSE;TRUE;FALSE;TRUE;4;0.0;0.05;0.01;26.88;0.1;[0.0, 0.0];[0.05, 0.0];[0.01, 0.0];[27.138, 0.207];[0.1, 0.006];[0.008, 0.002];[0.006, 0.002];[0.009, 0.003];[1.0, 0.0];[1.0, 0.0];[1.0, 0.0];[1.0, 0.0];[1.0, 0.0];[1.0, 0.0];[1.0, 0.0];[1.0, 0.0];[0.023, 0.003];[0.005, 0.003];[0.04, 0.006];[0.989, 0.022];[0.979, 0.042];[1.0, 0.0];[1.0, 0.0];[1.0, 0.0];[1.0, 0.0];[1.0, 0.0];[1.0, 0.0];[0.035, 0.012];[0.067, 0.024];[0.003, 0.001];[1.0, 0.0];[1.0, 0.0];[1.0, 0.0];[1.0, 0.0];[1.0, 0.0];[1.0, 0.0];[1.0, 0.0];[1.0, 0.0]
countries_s1;backward_0_1;complex;r2n;None;[0, 1, 2, 3, 4];100;256;256;256;facts.txt;train.txt;valid.txt;test.txt;domain2constants.txt;rules.txt;TAIL;1;100;None;TRUE;functional;0;0;200;200;0.0;0.0;0.01;plateau;adam;TRUE;100;1;binary_crossentropy;0.5;FALSE;3;1;TRUE;full;1;0.0;100;0.0;0.0;100;TRUE;0.0;max;3;0.0;['dataset_name', 'grounder', 'kge', 'model_name', 'rule_miner', 'neg', 'e', 'train_batch_size', 'val_batch_size', 'test_batch_size'];countries_s1-backward_0_1-complex-r2n-None-1-100-256-256-256;./../checkpoints/;FALSE;TRUE;FALSE;TRUE;4;0.0;0.05;0.01;25.43;0.1;[0.0, 0.0];[0.05, 0.0];[0.01, 0.0];[26.606, 1.391];[0.106, 0.005];[0.008, 0.004];[0.007, 0.005];[0.008, 0.005];[1.0, 0.0];[1.0, 0.0];[1.0, 0.0];[1.0, 0.0];[1.0, 0.0];[1.0, 0.001];[1.0, 0.0];[1.0, 0.0];[0.028, 0.046];[0.004, 0.002];[0.051, 0.093];[1.0, 0.0];[1.0, 0.0];[1.0, 0.0];[1.0, 0.0];[0.961, 0.077];[0.942, 0.117];[0.983, 0.033];[1.0, 0.0];[0.076, 0.019];[0.086, 0.017];[0.065, 0.036];[1.0, 0.0];[1.0, 0.0];[1.0, 0.0];[1.0, 0.0];[1.0, 0.0];[1.0, 0.0];[1.0, 0.0];[1.0, 0.0]
countries_s1;backward_1_1;complex;no_reasoner;None;[0, 1, 2, 3, 4];100;256;256;256;facts.txt;train.txt;valid.txt;test.txt;domain2constants.txt;rules.txt;TAIL;1;100;None;TRUE;functional;0;0;200;200;0.0;0.0;0.01;plateau;adam;TRUE;100;0;binary_crossentropy;0.5;FALSE;3;1;TRUE;full;1;0.0;100;0.0;0.0;100;TRUE;0.0;max;3;0.0;['dataset_name', 'grounder', 'kge', 'model_name', 'rule_miner', 'neg', 'e', 'train_batch_size', 'val_batch_size', 'test_batch_size'];countries_s1-backward_1_1-complex-no_reasoner-None-1-100-256-256-256;./../checkpoints/;FALSE;TRUE;FALSE;TRUE;4;0.0;0.02;0.0;20.94;0.1;[0.0, 0.0];[0.02, 0.0];[0.0, 0.0];[21.186, 0.835];[0.098, 0.004];[0.013, 0.007];[0.013, 0.007];[0.013, 0.007];[1.0, 0.0];[1.0, 0.0];[1.0, 0.0];[1.0, 0.0];[1.0, 0.0];[1.0, 0.0];[1.0, 0.0];[1.0, 0.0];[0.006, 0.001];[0.006, 0.001];[0.006, 0.001];[1.0, 0.0];[1.0, 0.0];[1.0, 0.0];[1.0, 0.0];[1.0, 0.0];[1.0, 0.0];[1.0, 0.0];[1.0, 0.0];[0.093, 0.018];[0.093, 0.018];[0.093, 0.018];[1.0, 0.0];[1.0, 0.0];[1.0, 0.0];[1.0, 0.0];[1.0, 0.0];[1.0, 0.0];[1.0, 0.0];[1.0, 0.0]
countries_s1;backward_1_1;complex;dcr;None;[0, 1, 2, 3, 4];100;256;256;256;facts.txt;train.txt;valid.txt;test.txt;domain2constants.txt;rules.txt;TAIL;1;100;None;TRUE;functional;0;0;200;200;0.0;0.0;0.01;plateau;adam;TRUE;100;1;binary_crossentropy;0.5;FALSE;3;1;TRUE;full;1;0.0;100;0.0;0.0;100;TRUE;0.0;max;3;0.0;['dataset_name', 'grounder', 'kge', 'model_name', 'rule_miner', 'neg', 'e', 'train_batch_size', 'val_batch_size', 'test_batch_size'];countries_s1-backward_1_1-complex-dcr-None-1-100-256-256-256;./../checkpoints/;FALSE;TRUE;FALSE;TRUE;4;0.0;0.05;0.01;30.1;0.11;[0.0, 0.0];[0.05, 0.0];[0.01, 0.0];[30.214, 0.13];[0.102, 0.007];[0.009, 0.002];[0.007, 0.002];[0.01, 0.002];[1.0, 0.0];[1.0, 0.0];[1.0, 0.0];[1.0, 0.0];[1.0, 0.0];[1.0, 0.0];[1.0, 0.0];[1.0, 0.0];[0.028, 0.004];[0.005, 0.002];[0.043, 0.008];[0.99, 0.019];[0.983, 0.033];[1.0, 0.0];[1.0, 0.0];[1.0, 0.0];[1.0, 0.0];[1.0, 0.0];[1.0, 0.0];[0.044, 0.02];[0.081, 0.04];[0.004, 0.001];[1.0, 0.0];[1.0, 0.0];[1.0, 0.0];[1.0, 0.0];[1.0, 0.0];[1.0, 0.0];[1.0, 0.0];[1.0, 0.0]
countries_s1;backward_1_1;complex;sbr;None;[0, 1, 2, 3, 4];100;256;256;256;facts.txt;train.txt;valid.txt;test.txt;domain2constants.txt;rules.txt;TAIL;1;100;None;TRUE;functional;0;0;200;200;0.0;0.0;0.01;plateau;adam;TRUE;100;1;binary_crossentropy;0.5;FALSE;3;1;TRUE;full;1;0.0;100;0.0;0.0;100;TRUE;0.0;max;3;0.0;['dataset_name', 'grounder', 'kge', 'model_name', 'rule_miner', 'neg', 'e', 'train_batch_size', 'val_batch_size', 'test_batch_size'];countries_s1-backward_1_1-complex-sbr-None-1-100-256-256-256;./../checkpoints/;FALSE;TRUE;FALSE;TRUE;4;0.0;0.05;0.01;27.06;0.1;[0.0, 0.0];[0.05, 0.0];[0.01, 0.0];[27.328, 0.173];[0.104, 0.005];[0.008, 0.002];[0.006, 0.002];[0.009, 0.003];[1.0, 0.0];[1.0, 0.0];[1.0, 0.0];[1.0, 0.0];[1.0, 0.0];[1.0, 0.0];[1.0, 0.0];[1.0, 0.0];[0.023, 0.003];[0.005, 0.003];[0.04, 0.006];[0.989, 0.022];[0.979, 0.042];[1.0, 0.0];[1.0, 0.0];[1.0, 0.0];[1.0, 0.0];[1.0, 0.0];[1.0, 0.0];[0.035, 0.012];[0.067, 0.024];[0.003, 0.001];[1.0, 0.0];[1.0, 0.0];[1.0, 0.0];[1.0, 0.0];[1.0, 0.0];[1.0, 0.0];[1.0, 0.0];[1.0, 0.0]
countries_s1;backward_1_1;complex;r2n;None;[0, 1, 2, 3, 4];100;256;256;256;facts.txt;train.txt;valid.txt;test.txt;domain2constants.txt;rules.txt;TAIL;1;100;None;TRUE;functional;0;0;200;200;0.0;0.0;0.01;plateau;adam;TRUE;100;1;binary_crossentropy;0.5;FALSE;3;1;TRUE;full;1;0.0;100;0.0;0.0;100;TRUE;0.0;max;3;0.0;['dataset_name', 'grounder', 'kge', 'model_name', 'rule_miner', 'neg', 'e', 'train_batch_size', 'val_batch_size', 'test_batch_size'];countries_s1-backward_1_1-complex-r2n-None-1-100-256-256-256;./../checkpoints/;FALSE;TRUE;FALSE;TRUE;4;0.0;0.05;0.01;25.4;0.11;[0.0, 0.0];[0.05, 0.0];[0.01, 0.0];[26.772, 1.595];[0.106, 0.008];[0.008, 0.004];[0.007, 0.005];[0.008, 0.005];[1.0, 0.0];[1.0, 0.0];[1.0, 0.0];[1.0, 0.0];[1.0, 0.0];[1.0, 0.001];[1.0, 0.0];[1.0, 0.0];[0.028, 0.046];[0.004, 0.002];[0.051, 0.093];[1.0, 0.0];[1.0, 0.0];[1.0, 0.0];[1.0, 0.0];[0.961, 0.077];[0.942, 0.117];[0.983, 0.033];[1.0, 0.0];[0.076, 0.019];[0.086, 0.017];[0.065, 0.036];[1.0, 0.0];[1.0, 0.0];[1.0, 0.0];[1.0, 0.0];[1.0, 0.0];[1.0, 0.0];[1.0, 0.0];[1.0, 0.0]
countries_s1;backward_1_2;complex;dcr;None;[0, 1, 2, 3, 4];100;256;256;256;facts.txt;train.txt;valid.txt;test.txt;domain2constants.txt;rules.txt;TAIL;1;100;None;TRUE;functional;0;0;200;200;0.0;0.0;0.01;plateau;adam;TRUE;100;1;binary_crossentropy;0.5;FALSE;3;1;TRUE;full;1;0.0;100;0.0;0.0;100;TRUE;0.0;max;3;0.0;['dataset_name', 'grounder', 'kge', 'model_name', 'rule_miner', 'neg', 'e', 'train_batch_size', 'val_batch_size', 'test_batch_size'];countries_s1-backward_1_2-complex-dcr-None-1-100-256-256-256;./../checkpoints/;FALSE;TRUE;FALSE;TRUE;4;0.0;0.06;0.01;30.95;0.12;[0.0, 0.0];[0.056, 0.005];[0.01, 0.0];[30.678, 0.282];[0.104, 0.01];[0.009, 0.002];[0.007, 0.002];[0.01, 0.002];[1.0, 0.0];[1.0, 0.0];[1.0, 0.0];[1.0, 0.0];[1.0, 0.0];[1.0, 0.0];[1.0, 0.0];[1.0, 0.0];[0.028, 0.004];[0.005, 0.002];[0.043, 0.008];[0.99, 0.019];[0.983, 0.033];[1.0, 0.0];[1.0, 0.0];[1.0, 0.0];[1.0, 0.0];[1.0, 0.0];[1.0, 0.0];[0.044, 0.02];[0.081, 0.04];[0.004, 0.001];[1.0, 0.0];[1.0, 0.0];[1.0, 0.0];[1.0, 0.0];[1.0, 0.0];[1.0, 0.0];[1.0, 0.0];[1.0, 0.0]
countries_s1;backward_1_2;complex;sbr;None;[0, 1, 2, 3, 4];100;256;256;256;facts.txt;train.txt;valid.txt;test.txt;domain2constants.txt;rules.txt;TAIL;1;100;None;TRUE;functional;0;0;200;200;0.0;0.0;0.01;plateau;adam;TRUE;100;1;binary_crossentropy;0.5;FALSE;3;1;TRUE;full;1;0.0;100;0.0;0.0;100;TRUE;0.0;max;3;0.0;['dataset_name', 'grounder', 'kge', 'model_name', 'rule_miner', 'neg', 'e', 'train_batch_size', 'val_batch_size', 'test_batch_size'];countries_s1-backward_1_2-complex-sbr-None-1-100-256-256-256;./../checkpoints/;FALSE;TRUE;FALSE;TRUE;4;0.0;0.05;0.01;27.07;0.11;[0.0, 0.0];[0.05, 0.0];[0.01, 0.0];[26.966, 0.3];[0.106, 0.005];[0.008, 0.002];[0.006, 0.002];[0.009, 0.003];[1.0, 0.0];[1.0, 0.0];[1.0, 0.0];[1.0, 0.0];[1.0, 0.0];[1.0, 0.0];[1.0, 0.0];[1.0, 0.0];[0.023, 0.003];[0.005, 0.003];[0.04, 0.006];[0.989, 0.022];[0.979, 0.042];[1.0, 0.0];[1.0, 0.0];[1.0, 0.0];[1.0, 0.0];[1.0, 0.0];[1.0, 0.0];[0.035, 0.012];[0.067, 0.024];[0.003, 0.001];[1.0, 0.0];[1.0, 0.0];[1.0, 0.0];[1.0, 0.0];[1.0, 0.0];[1.0, 0.0];[1.0, 0.0];[1.0, 0.0]
countries_s1;backward_1_2;complex;r2n;None;[0, 1, 2, 3, 4];100;256;256;256;facts.txt;train.txt;valid.txt;test.txt;domain2constants.txt;rules.txt;TAIL;1;100;None;TRUE;functional;0;0;200;200;0.0;0.0;0.01;plateau;adam;TRUE;100;1;binary_crossentropy;0.5;FALSE;3;1;TRUE;full;1;0.0;100;0.0;0.0;100;TRUE;0.0;max;3;0.0;['dataset_name', 'grounder', 'kge', 'model_name', 'rule_miner', 'neg', 'e', 'train_batch_size', 'val_batch_size', 'test_batch_size'];countries_s1-backward_1_2-complex-r2n-None-1-100-256-256-256;./../checkpoints/;FALSE;TRUE;FALSE;TRUE;4;0.0;0.05;0.01;25.44;0.11;[0.0, 0.0];[0.05, 0.0];[0.01, 0.0];[26.752, 1.427];[0.106, 0.014];[0.008, 0.004];[0.007, 0.005];[0.008, 0.005];[1.0, 0.0];[1.0, 0.0];[1.0, 0.0];[1.0, 0.0];[1.0, 0.0];[1.0, 0.001];[1.0, 0.0];[1.0, 0.0];[0.028, 0.046];[0.004, 0.002];[0.051, 0.093];[1.0, 0.0];[1.0, 0.0];[1.0, 0.0];[1.0, 0.0];[0.961, 0.077];[0.942, 0.117];[0.983, 0.033];[1.0, 0.0];[0.076, 0.019];[0.086, 0.017];[0.065, 0.036];[1.0, 0.0];[1.0, 0.0];[1.0, 0.0];[1.0, 0.0];[1.0, 0.0];[1.0, 0.0];[1.0, 0.0];[1.0, 0.0]
countries_s1;backward_1_3;complex;dcr;None;[0, 1, 2, 3, 4];100;256;256;256;facts.txt;train.txt;valid.txt;test.txt;domain2constants.txt;rules.txt;TAIL;1;100;None;TRUE;functional;0;0;200;200;0.0;0.0;0.01;plateau;adam;TRUE;100;1;binary_crossentropy;0.5;FALSE;3;1;TRUE;full;1;0.0;100;0.0;0.0;100;TRUE;0.0;max;3;0.0;['dataset_name', 'grounder', 'kge', 'model_name', 'rule_miner', 'neg', 'e', 'train_batch_size', 'val_batch_size', 'test_batch_size'];countries_s1-backward_1_3-complex-dcr-None-1-100-256-256-256;./../checkpoints/;FALSE;TRUE;FALSE;TRUE;4;0.0;0.05;0.01;30.25;0.11;[0.0, 0.0];[0.05, 0.0];[0.01, 0.0];[30.516, 0.181];[0.108, 0.007];[0.009, 0.002];[0.007, 0.002];[0.01, 0.002];[1.0, 0.0];[1.0, 0.0];[1.0, 0.0];[1.0, 0.0];[1.0, 0.0];[1.0, 0.0];[1.0, 0.0];[1.0, 0.0];[0.028, 0.004];[0.005, 0.002];[0.043, 0.008];[0.99, 0.019];[0.983, 0.033];[1.0, 0.0];[1.0, 0.0];[1.0, 0.0];[1.0, 0.0];[1.0, 0.0];[1.0, 0.0];[0.044, 0.02];[0.081, 0.04];[0.004, 0.001];[1.0, 0.0];[1.0, 0.0];[1.0, 0.0];[1.0, 0.0];[1.0, 0.0];[1.0, 0.0];[1.0, 0.0];[1.0, 0.0]
countries_s1;backward_1_3;complex;sbr;None;[0, 1, 2, 3, 4];100;256;256;256;facts.txt;train.txt;valid.txt;test.txt;domain2constants.txt;rules.txt;TAIL;1;100;None;TRUE;functional;0;0;200;200;0.0;0.0;0.01;plateau;adam;TRUE;100;1;binary_crossentropy;0.5;FALSE;3;1;TRUE;full;1;0.0;100;0.0;0.0;100;TRUE;0.0;max;3;0.0;['dataset_name', 'grounder', 'kge', 'model_name', 'rule_miner', 'neg', 'e', 'train_batch_size', 'val_batch_size', 'test_batch_size'];countries_s1-backward_1_3-complex-sbr-None-1-100-256-256-256;./../checkpoints/;FALSE;TRUE;FALSE;TRUE;4;0.0;0.05;0.01;27.38;0.1;[0.0, 0.0];[0.05, 0.0];[0.01, 0.0];[27.346, 0.237];[0.106, 0.01];[0.008, 0.002];[0.006, 0.002];[0.009, 0.003];[1.0, 0.0];[1.0, 0.0];[1.0, 0.0];[1.0, 0.0];[1.0, 0.0];[1.0, 0.0];[1.0, 0.0];[1.0, 0.0];[0.023, 0.003];[0.005, 0.003];[0.04, 0.006];[0.989, 0.022];[0.979, 0.042];[1.0, 0.0];[1.0, 0.0];[1.0, 0.0];[1.0, 0.0];[1.0, 0.0];[1.0, 0.0];[0.035, 0.012];[0.067, 0.024];[0.003, 0.001];[1.0, 0.0];[1.0, 0.0];[1.0, 0.0];[1.0, 0.0];[1.0, 0.0];[1.0, 0.0];[1.0, 0.0];[1.0, 0.0]
countries_s1;backward_1_3;complex;r2n;None;[0, 1, 2, 3, 4];100;256;256;256;facts.txt;train.txt;valid.txt;test.txt;domain2constants.txt;rules.txt;TAIL;1;100;None;TRUE;functional;0;0;200;200;0.0;0.0;0.01;plateau;adam;TRUE;100;1;binary_crossentropy;0.5;FALSE;3;1;TRUE;full;1;0.0;100;0.0;0.0;100;TRUE;0.0;max;3;0.0;['dataset_name', 'grounder', 'kge', 'model_name', 'rule_miner', 'neg', 'e', 'train_batch_size', 'val_batch_size', 'test_batch_size'];countries_s1-backward_1_3-complex-r2n-None-1-100-256-256-256;./../checkpoints/;FALSE;TRUE;FALSE;TRUE;4;0.0;0.05;0.01;25.2;0.11;[0.0, 0.0];[0.05, 0.0];[0.01, 0.0];[26.526, 1.356];[0.104, 0.005];[0.008, 0.004];[0.007, 0.005];[0.008, 0.005];[1.0, 0.0];[1.0, 0.0];[1.0, 0.0];[1.0, 0.0];[1.0, 0.0];[1.0, 0.001];[1.0, 0.0];[1.0, 0.0];[0.028, 0.046];[0.004, 0.002];[0.051, 0.093];[1.0, 0.0];[1.0, 0.0];[1.0, 0.0];[1.0, 0.0];[0.961, 0.077];[0.942, 0.117];[0.983, 0.033];[1.0, 0.0];[0.076, 0.019];[0.086, 0.017];[0.065, 0.036];[1.0, 0.0];[1.0, 0.0];[1.0, 0.0];[1.0, 0.0];[1.0, 0.0];[1.0, 0.0];[1.0, 0.0];[1.0, 0.0]
countries_s1;backward_2_1;complex;dcr;None;[0, 1, 2, 3, 4];100;256;256;256;facts.txt;train.txt;valid.txt;test.txt;domain2constants.txt;rules.txt;TAIL;1;100;None;TRUE;functional;0;0;200;200;0.0;0.0;0.01;plateau;adam;TRUE;100;1;binary_crossentropy;0.5;FALSE;3;1;TRUE;full;1;0.0;100;0.0;0.0;100;TRUE;0.0;max;3;0.0;['dataset_name', 'grounder', 'kge', 'model_name', 'rule_miner', 'neg', 'e', 'train_batch_size', 'val_batch_size', 'test_batch_size'];countries_s1-backward_2_1-complex-dcr-None-1-100-256-256-256;./../checkpoints/;FALSE;TRUE;FALSE;TRUE;4;0.0;0.05;0.01;29.9;0.1;[0.0, 0.0];[0.05, 0.0];[0.01, 0.0];[30.582, 0.37];[0.108, 0.004];[0.009, 0.002];[0.007, 0.002];[0.01, 0.002];[1.0, 0.0];[1.0, 0.0];[1.0, 0.0];[1.0, 0.0];[1.0, 0.0];[1.0, 0.0];[1.0, 0.0];[1.0, 0.0];[0.028, 0.004];[0.005, 0.002];[0.043, 0.008];[0.99, 0.019];[0.983, 0.033];[1.0, 0.0];[1.0, 0.0];[1.0, 0.0];[1.0, 0.0];[1.0, 0.0];[1.0, 0.0];[0.044, 0.02];[0.081, 0.04];[0.004, 0.001];[1.0, 0.0];[1.0, 0.0];[1.0, 0.0];[1.0, 0.0];[1.0, 0.0];[1.0, 0.0];[1.0, 0.0];[1.0, 0.0]
countries_s1;backward_2_1;complex;sbr;None;[0, 1, 2, 3, 4];100;256;256;256;facts.txt;train.txt;valid.txt;test.txt;domain2constants.txt;rules.txt;TAIL;1;100;None;TRUE;functional;0;0;200;200;0.0;0.0;0.01;plateau;adam;TRUE;100;1;binary_crossentropy;0.5;FALSE;3;1;TRUE;full;1;0.0;100;0.0;0.0;100;TRUE;0.0;max;3;0.0;['dataset_name', 'grounder', 'kge', 'model_name', 'rule_miner', 'neg', 'e', 'train_batch_size', 'val_batch_size', 'test_batch_size'];countries_s1-backward_2_1-complex-sbr-None-1-100-256-256-256;./../checkpoints/;FALSE;TRUE;FALSE;TRUE;4;0.0;0.05;0.01;27.08;0.1;[0.0, 0.0];[0.05, 0.0];[0.01, 0.0];[27.314, 0.326];[0.11, 0.009];[0.008, 0.002];[0.006, 0.002];[0.009, 0.003];[1.0, 0.0];[1.0, 0.0];[1.0, 0.0];[1.0, 0.0];[1.0, 0.0];[1.0, 0.0];[1.0, 0.0];[1.0, 0.0];[0.023, 0.003];[0.005, 0.003];[0.04, 0.006];[0.989, 0.022];[0.979, 0.042];[1.0, 0.0];[1.0, 0.0];[1.0, 0.0];[1.0, 0.0];[1.0, 0.0];[1.0, 0.0];[0.035, 0.012];[0.067, 0.024];[0.003, 0.001];[1.0, 0.0];[1.0, 0.0];[1.0, 0.0];[1.0, 0.0];[1.0, 0.0];[1.0, 0.0];[1.0, 0.0];[1.0, 0.0]
countries_s1;backward_2_1;complex;r2n;None;[0, 1, 2, 3, 4];100;256;256;256;facts.txt;train.txt;valid.txt;test.txt;domain2constants.txt;rules.txt;TAIL;1;100;None;TRUE;functional;0;0;200;200;0.0;0.0;0.01;plateau;adam;TRUE;100;1;binary_crossentropy;0.5;FALSE;3;1;TRUE;full;1;0.0;100;0.0;0.0;100;TRUE;0.0;max;3;0.0;['dataset_name', 'grounder', 'kge', 'model_name', 'rule_miner', 'neg', 'e', 'train_batch_size', 'val_batch_size', 'test_batch_size'];countries_s1-backward_2_1-complex-r2n-None-1-100-256-256-256;./../checkpoints/;FALSE;TRUE;FALSE;TRUE;4;0.0;0.05;0.01;25.05;0.11;[0.0, 0.0];[0.05, 0.0];[0.01, 0.0];[26.702, 1.435];[0.112, 0.004];[0.008, 0.004];[0.007, 0.005];[0.008, 0.005];[1.0, 0.0];[1.0, 0.0];[1.0, 0.0];[1.0, 0.0];[1.0, 0.0];[1.0, 0.001];[1.0, 0.0];[1.0, 0.0];[0.028, 0.046];[0.004, 0.002];[0.051, 0.093];[1.0, 0.0];[1.0, 0.0];[1.0, 0.0];[1.0, 0.0];[0.961, 0.077];[0.942, 0.117];[0.983, 0.033];[1.0, 0.0];[0.076, 0.019];[0.086, 0.017];[0.065, 0.036];[1.0, 0.0];[1.0, 0.0];[1.0, 0.0];[1.0, 0.0];[1.0, 0.0];[1.0, 0.0];[1.0, 0.0];[1.0, 0.0]
countries_s1;backward_2_2;complex;dcr;None;[0, 1, 2, 3, 4];100;256;256;256;facts.txt;train.txt;valid.txt;test.txt;domain2constants.txt;rules.txt;TAIL;1;100;None;TRUE;functional;0;0;200;200;0.0;0.0;0.01;plateau;adam;TRUE;100;1;binary_crossentropy;0.5;FALSE;3;1;TRUE;full;1;0.0;100;0.0;0.0;100;TRUE;0.0;max;3;0.0;['dataset_name', 'grounder', 'kge', 'model_name', 'rule_miner', 'neg', 'e', 'train_batch_size', 'val_batch_size', 'test_batch_size'];countries_s1-backward_2_2-complex-dcr-None-1-100-256-256-256;./../checkpoints/;FALSE;TRUE;FALSE;TRUE;4;0.0;0.05;0.01;30.2;0.11;[0.0, 0.0];[0.05, 0.0];[0.01, 0.0];[30.356, 0.382];[0.112, 0.004];[0.009, 0.002];[0.007, 0.002];[0.01, 0.002];[1.0, 0.0];[1.0, 0.0];[1.0, 0.0];[1.0, 0.0];[1.0, 0.0];[1.0, 0.0];[1.0, 0.0];[1.0, 0.0];[0.028, 0.004];[0.005, 0.002];[0.043, 0.008];[0.99, 0.019];[0.983, 0.033];[1.0, 0.0];[1.0, 0.0];[1.0, 0.0];[1.0, 0.0];[1.0, 0.0];[1.0, 0.0];[0.044, 0.02];[0.081, 0.04];[0.004, 0.001];[1.0, 0.0];[1.0, 0.0];[1.0, 0.0];[1.0, 0.0];[1.0, 0.0];[1.0, 0.0];[1.0, 0.0];[1.0, 0.0]
countries_s1;backward_2_2;complex;sbr;None;[0, 1, 2, 3, 4];100;256;256;256;facts.txt;train.txt;valid.txt;test.txt;domain2constants.txt;rules.txt;TAIL;1;100;None;TRUE;functional;0;0;200;200;0.0;0.0;0.01;plateau;adam;TRUE;100;1;binary_crossentropy;0.5;FALSE;3;1;TRUE;full;1;0.0;100;0.0;0.0;100;TRUE;0.0;max;3;0.0;['dataset_name', 'grounder', 'kge', 'model_name', 'rule_miner', 'neg', 'e', 'train_batch_size', 'val_batch_size', 'test_batch_size'];countries_s1-backward_2_2-complex-sbr-None-1-100-256-256-256;./../checkpoints/;FALSE;TRUE;FALSE;TRUE;4;0.0;0.05;0.01;27.57;0.1;[0.0, 0.0];[0.05, 0.0];[0.01, 0.0];[27.344, 0.329];[0.102, 0.007];[0.008, 0.002];[0.006, 0.002];[0.009, 0.003];[1.0, 0.0];[1.0, 0.0];[1.0, 0.0];[1.0, 0.0];[1.0, 0.0];[1.0, 0.0];[1.0, 0.0];[1.0, 0.0];[0.023, 0.003];[0.005, 0.003];[0.04, 0.006];[0.989, 0.022];[0.979, 0.042];[1.0, 0.0];[1.0, 0.0];[1.0, 0.0];[1.0, 0.0];[1.0, 0.0];[1.0, 0.0];[0.035, 0.012];[0.067, 0.024];[0.003, 0.001];[1.0, 0.0];[1.0, 0.0];[1.0, 0.0];[1.0, 0.0];[1.0, 0.0];[1.0, 0.0];[1.0, 0.0];[1.0, 0.0]
countries_s1;backward_2_2;complex;r2n;None;[0, 1, 2, 3, 4];100;256;256;256;facts.txt;train.txt;valid.txt;test.txt;domain2constants.txt;rules.txt;TAIL;1;100;None;TRUE;functional;0;0;200;200;0.0;0.0;0.01;plateau;adam;TRUE;100;1;binary_crossentropy;0.5;FALSE;3;1;TRUE;full;1;0.0;100;0.0;0.0;100;TRUE;0.0;max;3;0.0;['dataset_name', 'grounder', 'kge', 'model_name', 'rule_miner', 'neg', 'e', 'train_batch_size', 'val_batch_size', 'test_batch_size'];countries_s1-backward_2_2-complex-r2n-None-1-100-256-256-256;./../checkpoints/;FALSE;TRUE;FALSE;TRUE;4;0.0;0.05;0.01;25.44;0.11;[0.0, 0.0];[0.05, 0.0];[0.01, 0.0];[26.826, 1.497];[0.108, 0.004];[0.008, 0.004];[0.007, 0.005];[0.008, 0.005];[1.0, 0.0];[1.0, 0.0];[1.0, 0.0];[1.0, 0.0];[1.0, 0.0];[1.0, 0.001];[1.0, 0.0];[1.0, 0.0];[0.028, 0.046];[0.004, 0.002];[0.051, 0.093];[1.0, 0.0];[1.0, 0.0];[1.0, 0.0];[1.0, 0.0];[0.961, 0.077];[0.942, 0.117];[0.983, 0.033];[1.0, 0.0];[0.076, 0.019];[0.086, 0.017];[0.065, 0.036];[1.0, 0.0];[1.0, 0.0];[1.0, 0.0];[1.0, 0.0];[1.0, 0.0];[1.0, 0.0];[1.0, 0.0];[1.0, 0.0]
countries_s1;backward_2_3;complex;dcr;None;[0, 1, 2, 3, 4];100;256;256;256;facts.txt;train.txt;valid.txt;test.txt;domain2constants.txt;rules.txt;TAIL;1;100;None;TRUE;functional;0;0;200;200;0.0;0.0;0.01;plateau;adam;TRUE;100;1;binary_crossentropy;0.5;FALSE;3;1;TRUE;full;1;0.0;100;0.0;0.0;100;TRUE;0.0;max;3;0.0;['dataset_name', 'grounder', 'kge', 'model_name', 'rule_miner', 'neg', 'e', 'train_batch_size', 'val_batch_size', 'test_batch_size'];countries_s1-backward_2_3-complex-dcr-None-1-100-256-256-256;./../checkpoints/;FALSE;TRUE;FALSE;TRUE;4;0.0;0.05;0.01;30.07;0.09;[0.0, 0.0];[0.05, 0.0];[0.01, 0.0];[30.298, 0.213];[0.102, 0.007];[0.009, 0.002];[0.007, 0.002];[0.01, 0.002];[1.0, 0.0];[1.0, 0.0];[1.0, 0.0];[1.0, 0.0];[1.0, 0.0];[1.0, 0.0];[1.0, 0.0];[1.0, 0.0];[0.028, 0.004];[0.005, 0.002];[0.043, 0.008];[0.99, 0.019];[0.983, 0.033];[1.0, 0.0];[1.0, 0.0];[1.0, 0.0];[1.0, 0.0];[1.0, 0.0];[1.0, 0.0];[0.044, 0.02];[0.081, 0.04];[0.004, 0.001];[1.0, 0.0];[1.0, 0.0];[1.0, 0.0];[1.0, 0.0];[1.0, 0.0];[1.0, 0.0];[1.0, 0.0];[1.0, 0.0]
countries_s1;backward_2_3;complex;sbr;None;[0, 1, 2, 3, 4];100;256;256;256;facts.txt;train.txt;valid.txt;test.txt;domain2constants.txt;rules.txt;TAIL;1;100;None;TRUE;functional;0;0;200;200;0.0;0.0;0.01;plateau;adam;TRUE;100;1;binary_crossentropy;0.5;FALSE;3;1;TRUE;full;1;0.0;100;0.0;0.0;100;TRUE;0.0;max;3;0.0;['dataset_name', 'grounder', 'kge', 'model_name', 'rule_miner', 'neg', 'e', 'train_batch_size', 'val_batch_size', 'test_batch_size'];countries_s1-backward_2_3-complex-sbr-None-1-100-256-256-256;./../checkpoints/;FALSE;TRUE;FALSE;TRUE;4;0.0;0.05;0.01;27.48;0.11;[0.0, 0.0];[0.05, 0.0];[0.01, 0.0];[27.376, 0.22];[0.106, 0.01];[0.008, 0.002];[0.006, 0.002];[0.009, 0.003];[1.0, 0.0];[1.0, 0.0];[1.0, 0.0];[1.0, 0.0];[1.0, 0.0];[1.0, 0.0];[1.0, 0.0];[1.0, 0.0];[0.023, 0.003];[0.005, 0.003];[0.04, 0.006];[0.989, 0.022];[0.979, 0.042];[1.0, 0.0];[1.0, 0.0];[1.0, 0.0];[1.0, 0.0];[1.0, 0.0];[1.0, 0.0];[0.035, 0.012];[0.067, 0.024];[0.003, 0.001];[1.0, 0.0];[1.0, 0.0];[1.0, 0.0];[1.0, 0.0];[1.0, 0.0];[1.0, 0.0];[1.0, 0.0];[1.0, 0.0]
countries_s1;backward_2_3;complex;r2n;None;[0, 1, 2, 3, 4];100;256;256;256;facts.txt;train.txt;valid.txt;test.txt;domain2constants.txt;rules.txt;TAIL;1;100;None;TRUE;functional;0;0;200;200;0.0;0.0;0.01;plateau;adam;TRUE;100;1;binary_crossentropy;0.5;FALSE;3;1;TRUE;full;1;0.0;100;0.0;0.0;100;TRUE;0.0;max;3;0.0;['dataset_name', 'grounder', 'kge', 'model_name', 'rule_miner', 'neg', 'e', 'train_batch_size', 'val_batch_size', 'test_batch_size'];countries_s1-backward_2_3-complex-r2n-None-1-100-256-256-256;./../checkpoints/;FALSE;TRUE;FALSE;TRUE;4;0.0;0.05;0.01;25.11;0.11;[0.0, 0.0];[0.05, 0.0];[0.01, 0.0];[26.776, 1.664];[0.102, 0.01];[0.008, 0.004];[0.007, 0.005];[0.008, 0.005];[1.0, 0.0];[1.0, 0.0];[1.0, 0.0];[1.0, 0.0];[1.0, 0.0];[1.0, 0.001];[1.0, 0.0];[1.0, 0.0];[0.028, 0.046];[0.004, 0.002];[0.051, 0.093];[1.0, 0.0];[1.0, 0.0];[1.0, 0.0];[1.0, 0.0];[0.961, 0.077];[0.942, 0.117];[0.983, 0.033];[1.0, 0.0];[0.076, 0.019];[0.086, 0.017];[0.065, 0.036];[1.0, 0.0];[1.0, 0.0];[1.0, 0.0];[1.0, 0.0];[1.0, 0.0];[1.0, 0.0];[1.0, 0.0];[1.0, 0.0]
countries_s2;backward_0_1;complex;dcr;None;[0, 1, 2, 3, 4];100;256;256;256;facts.txt;train.txt;valid.txt;test.txt;domain2constants.txt;rules.txt;TAIL;1;100;None;TRUE;functional;0;0;200;200;0.0;0.0;0.01;plateau;adam;TRUE;100;1;binary_crossentropy;0.5;FALSE;3;1;TRUE;full;1;0.0;100;0.0;0.0;100;TRUE;0.0;max;3;0.0;['dataset_name', 'grounder', 'kge', 'model_name', 'rule_miner', 'neg', 'e', 'train_batch_size', 'val_batch_size', 'test_batch_size'];countries_s2-backward_0_1-complex-dcr-None-1-100-256-256-256;./../checkpoints/;FALSE;TRUE;FALSE;TRUE;4;0.0;0.26;0.04;49.28;0.12;[0.0, 0.0];[0.256, 0.005];[0.038, 0.004];[49.844, 0.837];[0.108, 0.007];[0.008, 0.003];[0.004, 0.002];[0.011, 0.003];[1.0, 0.0];[1.0, 0.0];[1.0, 0.0];[1.0, 0.0];[1.0, 0.0];[1.0, 0.0];[1.0, 0.0];[1.0, 0.0];[0.047, 0.005];[0.008, 0.001];[0.079, 0.012];[0.98, 0.008];[0.971, 0.01];[0.983, 0.016];[0.996, 0.008];[0.986, 0.007];[0.983, 0.008];[0.983, 0.008];[1.0, 0.0];[0.17, 0.038];[0.277, 0.071];[0.061, 0.011];[0.986, 0.014];[0.975, 0.02];[0.996, 0.008];[1.0, 0.0];[0.996, 0.005];[0.992, 0.01];[1.0, 0.0];[1.0, 0.0]
countries_s2;backward_0_1;complex;sbr;None;[0, 1, 2, 3, 4];100;256;256;256;facts.txt;train.txt;valid.txt;test.txt;domain2constants.txt;rules.txt;TAIL;1;100;None;TRUE;functional;0;0;200;200;0.0;0.0;0.01;plateau;adam;TRUE;100;1;binary_crossentropy;0.5;FALSE;3;1;TRUE;full;1;0.0;100;0.0;0.0;100;TRUE;0.0;max;3;0.0;['dataset_name', 'grounder', 'kge', 'model_name', 'rule_miner', 'neg', 'e', 'train_batch_size', 'val_batch_size', 'test_batch_size'];countries_s2-backward_0_1-complex-sbr-None-1-100-256-256-256;./../checkpoints/;FALSE;TRUE;FALSE;TRUE;4;0.0;0.26;0.04;42.82;0.11;[0.0, 0.0];[0.25, 0.006];[0.038, 0.004];[40.476, 5.369];[0.11, 0.0];[0.007, 0.002];[0.005, 0.001];[0.008, 0.002];[1.0, 0.0];[1.0, 0.0];[1.0, 0.0];[1.0, 0.0];[1.0, 0.0];[1.0, 0.0];[1.0, 0.0];[1.0, 0.0];[0.033, 0.003];[0.007, 0.0];[0.058, 0.006];[0.986, 0.009];[0.975, 0.016];[1.0, 0.0];[1.0, 0.0];[0.985, 0.003];[0.979, 0.0];[0.988, 0.01];[1.0, 0.0];[0.169, 0.024];[0.284, 0.044];[0.053, 0.01];[0.989, 0.011];[0.983, 0.016];[0.996, 0.008];[1.0, 0.0];[0.996, 0.005];[0.992, 0.01];[1.0, 0.0];[1.0, 0.0]
countries_s2;backward_0_1;complex;r2n;None;[0, 1, 2, 3, 4];100;256;256;256;facts.txt;train.txt;valid.txt;test.txt;domain2constants.txt;rules.txt;TAIL;1;100;None;TRUE;functional;0;0;200;200;0.0;0.0;0.01;plateau;adam;TRUE;100;1;binary_crossentropy;0.5;FALSE;3;1;TRUE;full;1;0.0;100;0.0;0.0;100;TRUE;0.0;max;3;0.0;['dataset_name', 'grounder', 'kge', 'model_name', 'rule_miner', 'neg', 'e', 'train_batch_size', 'val_batch_size', 'test_batch_size'];countries_s2-backward_0_1-complex-r2n-None-1-100-256-256-256;./../checkpoints/;FALSE;TRUE;FALSE;TRUE;4;0.0;0.26;0.04;43.92;0.11;[0.0, 0.0];[0.256, 0.008];[0.038, 0.004];[38.968, 3.109];[0.108, 0.004];[0.013, 0.006];[0.014, 0.007];[0.011, 0.005];[1.0, 0.0];[0.999, 0.0];[1.0, 0.0];[1.0, 0.0];[1.0, 0.0];[0.999, 0.0];[1.0, 0.0];[1.0, 0.0];[0.006, 0.001];[0.006, 0.001];[0.006, 0.001];[0.998, 0.004];[0.996, 0.008];[1.0, 0.0];[1.0, 0.0];[0.998, 0.004];[0.996, 0.008];[1.0, 0.0];[1.0, 0.0];[0.177, 0.033];[0.177, 0.033];[0.177, 0.033];[0.992, 0.008];[0.983, 0.016];[1.0, 0.0];[1.0, 0.0];[0.992, 0.008];[0.983, 0.016];[1.0, 0.0];[1.0, 0.0]
countries_s2;backward_1_1;complex;no_reasoner;None;[0, 1, 2, 3, 4];100;256;256;256;facts.txt;train.txt;valid.txt;test.txt;domain2constants.txt;rules.txt;TAIL;1;100;None;TRUE;functional;0;0;200;200;0.0;0.0;0.01;plateau;adam;TRUE;100;0;binary_crossentropy;0.5;FALSE;3;1;TRUE;full;1;0.0;100;0.0;0.0;100;TRUE;0.0;max;3;0.0;['dataset_name', 'grounder', 'kge', 'model_name', 'rule_miner', 'neg', 'e', 'train_batch_size', 'val_batch_size', 'test_batch_size'];countries_s2-backward_1_1-complex-no_reasoner-None-1-100-256-256-256;./../checkpoints/;FALSE;TRUE;FALSE;TRUE;4;0.0;0.02;0.0;18.91;0.1;[0.0, 0.0];[0.02, 0.0];[0.0, 0.0];[19.078, 0.767];[0.1, 0.006];[0.008, 0.007];[0.008, 0.007];[0.008, 0.007];[1.0, 0.001];[0.999, 0.001];[1.0, 0.0];[1.0, 0.0];[1.0, 0.001];[0.999, 0.001];[1.0, 0.0];[1.0, 0.0];[0.008, 0.001];[0.008, 0.001];[0.008, 0.001];[0.992, 0.009];[0.988, 0.017];[0.996, 0.008];[1.0, 0.0];[0.992, 0.009];[0.988, 0.017];[0.996, 0.008];[1.0, 0.0];[0.284, 0.046];[0.284, 0.046];[0.284, 0.046];[0.985, 0.01];[0.975, 0.016];[0.996, 0.008];[1.0, 0.0];[0.985, 0.01];[0.975, 0.016];[0.996, 0.008];[1.0, 0.0]
countries_s2;backward_1_1;complex;dcr;None;[0, 1, 2, 3, 4];100;256;256;256;facts.txt;train.txt;valid.txt;test.txt;domain2constants.txt;rules.txt;TAIL;1;100;None;TRUE;functional;0;0;200;200;0.0;0.0;0.01;plateau;adam;TRUE;100;1;binary_crossentropy;0.5;FALSE;3;1;TRUE;full;1;0.0;100;0.0;0.0;100;TRUE;0.0;max;3;0.0;['dataset_name', 'grounder', 'kge', 'model_name', 'rule_miner', 'neg', 'e', 'train_batch_size', 'val_batch_size', 'test_batch_size'];countries_s2-backward_1_1-complex-dcr-None-1-100-256-256-256;./../checkpoints/;FALSE;TRUE;FALSE;TRUE;4;0.0;0.26;0.04;50.21;0.1;[0.0, 0.0];[0.26, 0.0];[0.04, 0.0];[50.486, 0.963];[0.106, 0.005];[0.008, 0.003];[0.004, 0.002];[0.011, 0.003];[1.0, 0.0];[1.0, 0.0];[1.0, 0.0];[1.0, 0.0];[1.0, 0.0];[1.0, 0.0];[1.0, 0.0];[1.0, 0.0];[0.047, 0.005];[0.008, 0.001];[0.079, 0.012];[0.98, 0.008];[0.971, 0.01];[0.983, 0.016];[0.996, 0.008];[0.986, 0.007];[0.983, 0.008];[0.983, 0.008];[1.0, 0.0];[0.17, 0.038];[0.277, 0.071];[0.061, 0.011];[0.986, 0.014];[0.975, 0.02];[0.996, 0.008];[1.0, 0.0];[0.996, 0.005];[0.992, 0.01];[1.0, 0.0];[1.0, 0.0]
countries_s2;backward_1_1;complex;sbr;None;[0, 1, 2, 3, 4];100;256;256;256;facts.txt;train.txt;valid.txt;test.txt;domain2constants.txt;rules.txt;TAIL;1;100;None;TRUE;functional;0;0;200;200;0.0;0.0;0.01;plateau;adam;TRUE;100;1;binary_crossentropy;0.5;FALSE;3;1;TRUE;full;1;0.0;100;0.0;0.0;100;TRUE;0.0;max;3;0.0;['dataset_name', 'grounder', 'kge', 'model_name', 'rule_miner', 'neg', 'e', 'train_batch_size', 'val_batch_size', 'test_batch_size'];countries_s2-backward_1_1-complex-sbr-None-1-100-256-256-256;./../checkpoints/;FALSE;TRUE;FALSE;TRUE;4;0.0;0.26;0.04;43.67;0.1;[0.0, 0.0];[0.294, 0.079];[0.04, 0.0];[41.644, 5.595];[0.112, 0.01];[0.007, 0.002];[0.005, 0.001];[0.008, 0.002];[1.0, 0.0];[1.0, 0.0];[1.0, 0.0];[1.0, 0.0];[1.0, 0.0];[1.0, 0.0];[1.0, 0.0];[1.0, 0.0];[0.033, 0.003];[0.007, 0.0];[0.058, 0.006];[0.986, 0.009];[0.975, 0.016];[1.0, 0.0];[1.0, 0.0];[0.985, 0.003];[0.979, 0.0];[0.988, 0.01];[1.0, 0.0];[0.169, 0.024];[0.284, 0.044];[0.053, 0.01];[0.989, 0.011];[0.983, 0.016];[0.996, 0.008];[1.0, 0.0];[0.996, 0.005];[0.992, 0.01];[1.0, 0.0];[1.0, 0.0]
countries_s2;backward_1_1;complex;r2n;None;[0, 1, 2, 3, 4];100;256;256;256;facts.txt;train.txt;valid.txt;test.txt;domain2constants.txt;rules.txt;TAIL;1;100;None;TRUE;functional;0;0;200;200;0.0;0.0;0.01;plateau;adam;TRUE;100;1;binary_crossentropy;0.5;FALSE;3;1;TRUE;full;1;0.0;100;0.0;0.0;100;TRUE;0.0;max;3;0.0;['dataset_name', 'grounder', 'kge', 'model_name', 'rule_miner', 'neg', 'e', 'train_batch_size', 'val_batch_size', 'test_batch_size'];countries_s2-backward_1_1-complex-r2n-None-1-100-256-256-256;./../checkpoints/;FALSE;TRUE;FALSE;TRUE;4;0.0;0.26;0.04;44.3;0.1;[0.0, 0.0];[0.254, 0.012];[0.04, 0.0];[39.076, 3.169];[0.106, 0.005];[0.013, 0.006];[0.014, 0.007];[0.011, 0.005];[1.0, 0.0];[0.999, 0.0];[1.0, 0.0];[1.0, 0.0];[1.0, 0.0];[0.999, 0.0];[1.0, 0.0];[1.0, 0.0];[0.006, 0.001];[0.006, 0.001];[0.006, 0.001];[0.998, 0.004];[0.996, 0.008];[1.0, 0.0];[1.0, 0.0];[0.998, 0.004];[0.996, 0.008];[1.0, 0.0];[1.0, 0.0];[0.177, 0.033];[0.177, 0.033];[0.177, 0.033];[0.992, 0.008];[0.983, 0.016];[1.0, 0.0];[1.0, 0.0];[0.992, 0.008];[0.983, 0.016];[1.0, 0.0];[1.0, 0.0]
countries_s2;backward_1_2;complex;dcr;None;[0, 1, 2, 3, 4];100;256;256;256;facts.txt;train.txt;valid.txt;test.txt;domain2constants.txt;rules.txt;TAIL;1;100;None;TRUE;functional;0;0;200;200;0.0;0.0;0.01;plateau;adam;TRUE;100;1;binary_crossentropy;0.5;FALSE;3;1;TRUE;full;1;0.0;100;0.0;0.0;100;TRUE;0.0;max;3;0.0;['dataset_name', 'grounder', 'kge', 'model_name', 'rule_miner', 'neg', 'e', 'train_batch_size', 'val_batch_size', 'test_batch_size'];countries_s2-backward_1_2-complex-dcr-None-1-100-256-256-256;./../checkpoints/;FALSE;TRUE;FALSE;TRUE;4;0.0;0.28;0.12;72.01;0.09;[0.0, 0.0];[0.268, 0.015];[0.118, 0.004];[72.504, 0.799];[0.102, 0.012];[0.013, 0.002];[0.004, 0.002];[0.011, 0.003];[1.0, 0.0];[1.0, 0.0];[1.0, 0.0];[1.0, 0.0];[1.0, 0.0];[1.0, 0.0];[1.0, 0.0];[1.0, 0.0];[0.069, 0.012];[0.016, 0.006];[0.08, 0.02];[0.983, 0.013];[0.971, 0.021];[0.996, 0.008];[1.0, 0.0];[0.989, 0.006];[0.983, 0.008];[0.996, 0.008];[1.0, 0.0];[0.104, 0.015];[0.097, 0.024];[0.071, 0.017];[0.988, 0.011];[0.979, 0.019];[0.996, 0.008];[1.0, 0.0];[0.992, 0.008];[0.983, 0.016];[1.0, 0.0];[1.0, 0.0]
countries_s2;backward_1_2;complex;sbr;None;[0, 1, 2, 3, 4];100;256;256;256;facts.txt;train.txt;valid.txt;test.txt;domain2constants.txt;rules.txt;TAIL;1;100;None;TRUE;functional;0;0;200;200;0.0;0.0;0.01;plateau;adam;TRUE;100;1;binary_crossentropy;0.5;FALSE;3;1;TRUE;full;1;0.0;100;0.0;0.0;100;TRUE;0.0;max;3;0.0;['dataset_name', 'grounder', 'kge', 'model_name', 'rule_miner', 'neg', 'e', 'train_batch_size', 'val_batch_size', 'test_batch_size'];countries_s2-backward_1_2-complex-sbr-None-1-100-256-256-256;./../checkpoints/;FALSE;TRUE;FALSE;TRUE;4;0.0;0.28;0.12;65.39;0.11;[0.0, 0.0];[0.276, 0.008];[0.118, 0.004];[61.54, 8.652];[0.112, 0.004];[0.006, 0.001];[0.004, 0.001];[0.007, 0.002];[1.0, 0.0];[1.0, 0.0];[1.0, 0.0];[1.0, 0.0];[1.0, 0.0];[1.0, 0.0];[1.0, 0.0];[1.0, 0.0];[0.033, 0.004];[0.008, 0.001];[0.057, 0.009];[0.98, 0.015];[0.967, 0.025];[0.996, 0.008];[1.0, 0.0];[0.985, 0.003];[0.979, 0.0];[0.988, 0.01];[1.0, 0.0];[0.207, 0.023];[0.361, 0.039];[0.053, 0.008];[0.973, 0.004];[0.954, 0.008];[0.988, 0.01];[1.0, 0.0];[0.998, 0.004];[0.996, 0.008];[1.0, 0.0];[1.0, 0.0]
countries_s2;backward_1_2;complex;r2n;None;[0, 1, 2, 3, 4];100;256;256;256;facts.txt;train.txt;valid.txt;test.txt;domain2constants.txt;rules.txt;TAIL;1;100;None;TRUE;functional;0;0;200;200;0.0;0.0;0.01;plateau;adam;TRUE;100;1;binary_crossentropy;0.5;FALSE;3;1;TRUE;full;1;0.0;100;0.0;0.0;100;TRUE;0.0;max;3;0.0;['dataset_name', 'grounder', 'kge', 'model_name', 'rule_miner', 'neg', 'e', 'train_batch_size', 'val_batch_size', 'test_batch_size'];countries_s2-backward_1_2-complex-r2n-None-1-100-256-256-256;./../checkpoints/;FALSE;TRUE;FALSE;TRUE;4;0.0;0.28;0.12;60.98;0.11;[0.0, 0.0];[0.276, 0.008];[0.12, 0.006];[57.95, 4.237];[0.11, 0.006];[0.014, 0.008];[0.015, 0.009];[0.012, 0.007];[1.0, 0.001];[0.999, 0.001];[1.0, 0.0];[1.0, 0.0];[1.0, 0.001];[0.999, 0.001];[1.0, 0.0];[1.0, 0.0];[0.006, 0.001];[0.006, 0.001];[0.006, 0.001];[0.996, 0.008];[0.992, 0.017];[1.0, 0.0];[1.0, 0.0];[0.996, 0.008];[0.992, 0.017];[1.0, 0.0];[1.0, 0.0];[0.17, 0.029];[0.17, 0.029];[0.17, 0.029];[0.994, 0.008];[0.988, 0.017];[1.0, 0.0];[1.0, 0.0];[0.994, 0.008];[0.988, 0.017];[1.0, 0.0];[1.0, 0.0]
countries_s2;backward_1_3;complex;dcr;None;[0, 1, 2, 3, 4];100;256;256;256;facts.txt;train.txt;valid.txt;test.txt;domain2constants.txt;rules.txt;TAIL;1;100;None;TRUE;functional;0;0;200;200;0.0;0.0;0.01;plateau;adam;TRUE;100;1;binary_crossentropy;0.5;FALSE;3;1;TRUE;full;1;0.0;100;0.0;0.0;100;TRUE;0.0;max;3;0.0;['dataset_name', 'grounder', 'kge', 'model_name', 'rule_miner', 'neg', 'e', 'train_batch_size', 'val_batch_size', 'test_batch_size'];countries_s2-backward_1_3-complex-dcr-None-1-100-256-256-256;./../checkpoints/;FALSE;TRUE;FALSE;TRUE;4;0.0;0.28;0.2;69.66;0.11;[0.0, 0.0];[0.282, 0.004];[0.194, 0.012];[82.32, 6.76];[0.11, 0.006];[0.023, 0.002];[0.002, 0.002];[0.012, 0.002];[1.0, 0.0];[1.0, 0.0];[1.0, 0.0];[1.0, 0.0];[1.0, 0.0];[1.0, 0.0];[1.0, 0.0];[1.0, 0.0];[0.075, 0.003];[0.007, 0.003];[0.072, 0.009];[0.988, 0.007];[0.983, 0.008];[0.992, 0.01];[0.996, 0.008];[0.99, 0.02];[0.988, 0.025];[0.992, 0.017];[0.992, 0.017];[0.191, 0.111];[0.21, 0.161];[0.096, 0.06];[0.978, 0.013];[0.962, 0.016];[0.992, 0.017];[1.0, 0.0];[0.975, 0.035];[0.958, 0.053];[1.0, 0.0];[1.0, 0.0]
countries_s2;backward_1_3;complex;sbr;None;[0, 1, 2, 3, 4];100;256;256;256;facts.txt;train.txt;valid.txt;test.txt;domain2constants.txt;rules.txt;TAIL;1;100;None;TRUE;functional;0;0;200;200;0.0;0.0;0.01;plateau;adam;TRUE;100;1;binary_crossentropy;0.5;FALSE;3;1;TRUE;full;1;0.0;100;0.0;0.0;100;TRUE;0.0;max;3;0.0;['dataset_name', 'grounder', 'kge', 'model_name', 'rule_miner', 'neg', 'e', 'train_batch_size', 'val_batch_size', 'test_batch_size'];countries_s2-backward_1_3-complex-sbr-None-1-100-256-256-256;./../checkpoints/;FALSE;TRUE;FALSE;TRUE;4;0.0;0.28;0.19;78.3;0.11;[0.0, 0.0];[0.278, 0.004];[0.186, 0.008];[73.42, 10.342];[0.102, 0.01];[0.008, 0.004];[0.006, 0.003];[0.009, 0.004];[1.0, 0.0];[1.0, 0.0];[1.0, 0.0];[1.0, 0.0];[1.0, 0.0];[1.0, 0.0];[1.0, 0.0];[1.0, 0.0];[0.034, 0.003];[0.008, 0.001];[0.06, 0.007];[0.974, 0.012];[0.958, 0.019];[0.996, 0.008];[1.0, 0.0];[0.984, 0.003];[0.979, 0.0];[0.988, 0.01];[1.0, 0.0];[0.197, 0.023];[0.344, 0.045];[0.05, 0.006];[0.973, 0.01];[0.954, 0.016];[0.996, 0.008];[1.0, 0.0];[0.994, 0.008];[0.988, 0.017];[1.0, 0.0];[1.0, 0.0]
countries_s2;backward_1_3;complex;r2n;None;[0, 1, 2, 3, 4];100;256;256;256;facts.txt;train.txt;valid.txt;test.txt;domain2constants.txt;rules.txt;TAIL;1;100;None;TRUE;functional;0;0;200;200;0.0;0.0;0.01;plateau;adam;TRUE;100;1;binary_crossentropy;0.5;FALSE;3;1;TRUE;full;1;0.0;100;0.0;0.0;100;TRUE;0.0;max;3;0.0;['dataset_name', 'grounder', 'kge', 'model_name', 'rule_miner', 'neg', 'e', 'train_batch_size', 'val_batch_size', 'test_batch_size'];countries_s2-backward_1_3-complex-r2n-None-1-100-256-256-256;./../checkpoints/;FALSE;TRUE;FALSE;TRUE;4;0.0;0.28;0.2;73.13;0.11;[0.0, 0.0];[0.276, 0.008];[0.188, 0.01];[67.596, 3.954];[0.114, 0.005];[0.011, 0.003];[0.012, 0.003];[0.01, 0.003];[1.0, 0.001];[0.999, 0.001];[1.0, 0.0];[1.0, 0.0];[1.0, 0.001];[0.999, 0.001];[1.0, 0.0];[1.0, 0.0];[0.006, 0.0];[0.006, 0.0];[0.006, 0.0];[0.998, 0.004];[0.996, 0.008];[1.0, 0.0];[1.0, 0.0];[0.998, 0.004];[0.996, 0.008];[1.0, 0.0];[1.0, 0.0];[0.181, 0.027];[0.181, 0.027];[0.181, 0.027];[0.996, 0.005];[0.992, 0.01];[1.0, 0.0];[1.0, 0.0];[0.996, 0.005];[0.992, 0.01];[1.0, 0.0];[1.0, 0.0]
countries_s2;backward_2_1;complex;dcr;None;[0, 1, 2, 3, 4];100;256;256;256;facts.txt;train.txt;valid.txt;test.txt;domain2constants.txt;rules.txt;TAIL;1;100;None;TRUE;functional;0;0;200;200;0.0;0.0;0.01;plateau;adam;TRUE;100;1;binary_crossentropy;0.5;FALSE;3;1;TRUE;full;1;0.0;100;0.0;0.0;100;TRUE;0.0;max;3;0.0;['dataset_name', 'grounder', 'kge', 'model_name', 'rule_miner', 'neg', 'e', 'train_batch_size', 'val_batch_size', 'test_batch_size'];countries_s2-backward_2_1-complex-dcr-None-1-100-256-256-256;./../checkpoints/;FALSE;TRUE;FALSE;TRUE;4;0.0;0.26;0.04;50.24;0.11;[0.0, 0.0];[0.258, 0.004];[0.04, 0.0];[50.682, 0.962];[0.1, 0.006];[0.008, 0.003];[0.004, 0.002];[0.011, 0.003];[1.0, 0.0];[1.0, 0.0];[1.0, 0.0];[1.0, 0.0];[1.0, 0.0];[1.0, 0.0];[1.0, 0.0];[1.0, 0.0];[0.047, 0.005];[0.008, 0.001];[0.079, 0.012];[0.98, 0.008];[0.971, 0.01];[0.983, 0.016];[0.996, 0.008];[0.986, 0.007];[0.983, 0.008];[0.983, 0.008];[1.0, 0.0];[0.17, 0.038];[0.277, 0.071];[0.061, 0.011];[0.986, 0.014];[0.975, 0.02];[0.996, 0.008];[1.0, 0.0];[0.996, 0.005];[0.992, 0.01];[1.0, 0.0];[1.0, 0.0]
countries_s2;backward_2_1;complex;sbr;None;[0, 1, 2, 3, 4];100;256;256;256;facts.txt;train.txt;valid.txt;test.txt;domain2constants.txt;rules.txt;TAIL;1;100;None;TRUE;functional;0;0;200;200;0.0;0.0;0.01;plateau;adam;TRUE;100;1;binary_crossentropy;0.5;FALSE;3;1;TRUE;full;1;0.0;100;0.0;0.0;100;TRUE;0.0;max;3;0.0;['dataset_name', 'grounder', 'kge', 'model_name', 'rule_miner', 'neg', 'e', 'train_batch_size', 'val_batch_size', 'test_batch_size'];countries_s2-backward_2_1-complex-sbr-None-1-100-256-256-256;./../checkpoints/;FALSE;TRUE;FALSE;TRUE;4;0.0;0.27;0.04;43.55;0.11;[0.0, 0.0];[0.256, 0.014];[0.04, 0.0];[41.324, 5.706];[0.106, 0.005];[0.007, 0.002];[0.005, 0.001];[0.008, 0.002];[1.0, 0.0];[1.0, 0.0];[1.0, 0.0];[1.0, 0.0];[1.0, 0.0];[1.0, 0.0];[1.0, 0.0];[1.0, 0.0];[0.033, 0.003];[0.007, 0.0];[0.058, 0.006];[0.986, 0.009];[0.975, 0.016];[1.0, 0.0];[1.0, 0.0];[0.985, 0.003];[0.979, 0.0];[0.988, 0.01];[1.0, 0.0];[0.169, 0.024];[0.284, 0.044];[0.053, 0.01];[0.989, 0.011];[0.983, 0.016];[0.996, 0.008];[1.0, 0.0];[0.996, 0.005];[0.992, 0.01];[1.0, 0.0];[1.0, 0.0]
countries_s2;backward_2_1;complex;r2n;None;[0, 1, 2, 3, 4];100;256;256;256;facts.txt;train.txt;valid.txt;test.txt;domain2constants.txt;rules.txt;TAIL;1;100;None;TRUE;functional;0;0;200;200;0.0;0.0;0.01;plateau;adam;TRUE;100;1;binary_crossentropy;0.5;FALSE;3;1;TRUE;full;1;0.0;100;0.0;0.0;100;TRUE;0.0;max;3;0.0;['dataset_name', 'grounder', 'kge', 'model_name', 'rule_miner', 'neg', 'e', 'train_batch_size', 'val_batch_size', 'test_batch_size'];countries_s2-backward_2_1-complex-r2n-None-1-100-256-256-256;./../checkpoints/;FALSE;TRUE;FALSE;TRUE;4;0.0;0.27;0.04;44.55;0.12;[0.0, 0.0];[0.26, 0.011];[0.04, 0.0];[39.378, 3.1];[0.114, 0.005];[0.013, 0.006];[0.014, 0.007];[0.011, 0.005];[1.0, 0.0];[0.999, 0.0];[1.0, 0.0];[1.0, 0.0];[1.0, 0.0];[0.999, 0.0];[1.0, 0.0];[1.0, 0.0];[0.006, 0.001];[0.006, 0.001];[0.006, 0.001];[0.998, 0.004];[0.996, 0.008];[1.0, 0.0];[1.0, 0.0];[0.998, 0.004];[0.996, 0.008];[1.0, 0.0];[1.0, 0.0];[0.177, 0.033];[0.177, 0.033];[0.177, 0.033];[0.992, 0.008];[0.983, 0.016];[1.0, 0.0];[1.0, 0.0];[0.992, 0.008];[0.983, 0.016];[1.0, 0.0];[1.0, 0.0]
countries_s2;backward_2_2;complex;dcr;None;[0, 1, 2, 3, 4];100;256;256;256;facts.txt;train.txt;valid.txt;test.txt;domain2constants.txt;rules.txt;TAIL;1;100;None;TRUE;functional;0;0;200;200;0.0;0.0;0.01;plateau;adam;TRUE;100;1;binary_crossentropy;0.5;FALSE;3;1;TRUE;full;1;0.0;100;0.0;0.0;100;TRUE;0.0;max;3;0.0;['dataset_name', 'grounder', 'kge', 'model_name', 'rule_miner', 'neg', 'e', 'train_batch_size', 'val_batch_size', 'test_batch_size'];countries_s2-backward_2_2-complex-dcr-None-1-100-256-256-256;./../checkpoints/;FALSE;TRUE;FALSE;TRUE;4;0.0;0.28;0.13;73.55;0.1;[0.0, 0.0];[0.274, 0.012];[0.12, 0.006];[73.122, 0.609];[0.104, 0.005];[0.011, 0.001];[0.002, 0.001];[0.009, 0.002];[1.0, 0.0];[1.0, 0.0];[1.0, 0.0];[1.0, 0.0];[1.0, 0.0];[1.0, 0.0];[1.0, 0.0];[1.0, 0.0];[0.06, 0.01];[0.01, 0.005];[0.07, 0.016];[0.986, 0.01];[0.979, 0.013];[0.988, 0.017];[1.0, 0.0];[0.995, 0.007];[0.996, 0.008];[0.996, 0.008];[1.0, 0.0];[0.094, 0.018];[0.099, 0.021];[0.059, 0.017];[0.988, 0.014];[0.979, 0.023];[0.996, 0.008];[1.0, 0.0];[0.994, 0.005];[0.988, 0.01];[1.0, 0.0];[1.0, 0.0]
countries_s2;backward_2_2;complex;sbr;None;[0, 1, 2, 3, 4];100;256;256;256;facts.txt;train.txt;valid.txt;test.txt;domain2constants.txt;rules.txt;TAIL;1;100;None;TRUE;functional;0;0;200;200;0.0;0.0;0.01;plateau;adam;TRUE;100;1;binary_crossentropy;0.5;FALSE;3;1;TRUE;full;1;0.0;100;0.0;0.0;100;TRUE;0.0;max;3;0.0;['dataset_name', 'grounder', 'kge', 'model_name', 'rule_miner', 'neg', 'e', 'train_batch_size', 'val_batch_size', 'test_batch_size'];countries_s2-backward_2_2-complex-sbr-None-1-100-256-256-256;./../checkpoints/;FALSE;TRUE;FALSE;TRUE;4;0.0;0.28;0.12;64.94;0.11;[0.0, 0.0];[0.27, 0.011];[0.118, 0.004];[61.294, 8.498];[0.11, 0.011];[0.007, 0.001];[0.005, 0.001];[0.009, 0.002];[1.0, 0.0];[1.0, 0.0];[1.0, 0.0];[1.0, 0.0];[1.0, 0.0];[1.0, 0.0];[1.0, 0.0];[1.0, 0.0];[0.034, 0.003];[0.008, 0.001];[0.06, 0.005];[0.978, 0.018];[0.962, 0.031];[0.996, 0.008];[1.0, 0.0];[0.985, 0.003];[0.979, 0.0];[0.988, 0.01];[1.0, 0.0];[0.199, 0.022];[0.343, 0.04];[0.055, 0.01];[0.972, 0.01];[0.954, 0.016];[0.988, 0.01];[1.0, 0.0];[0.994, 0.008];[0.988, 0.017];[1.0, 0.0];[1.0, 0.0]
countries_s2;backward_2_2;complex;r2n;None;[0, 1, 2, 3, 4];100;256;256;256;facts.txt;train.txt;valid.txt;test.txt;domain2constants.txt;rules.txt;TAIL;1;100;None;TRUE;functional;0;0;200;200;0.0;0.0;0.01;plateau;adam;TRUE;100;1;binary_crossentropy;0.5;FALSE;3;1;TRUE;full;1;0.0;100;0.0;0.0;100;TRUE;0.0;max;3;0.0;['dataset_name', 'grounder', 'kge', 'model_name', 'rule_miner', 'neg', 'e', 'train_batch_size', 'val_batch_size', 'test_batch_size'];countries_s2-backward_2_2-complex-r2n-None-1-100-256-256-256;./../checkpoints/;FALSE;TRUE;FALSE;TRUE;4;0.0;0.28;0.13;60.43;0.11;[0.0, 0.0];[0.278, 0.004];[0.122, 0.007];[56.816, 3.158];[0.11, 0.006];[0.013, 0.01];[0.015, 0.011];[0.012, 0.009];[0.999, 0.001];[0.999, 0.001];[1.0, 0.0];[1.0, 0.0];[0.999, 0.001];[0.999, 0.001];[1.0, 0.0];[1.0, 0.0];[0.006, 0.001];[0.006, 0.001];[0.006, 0.001];[0.998, 0.004];[0.996, 0.008];[1.0, 0.0];[1.0, 0.0];[0.998, 0.004];[0.996, 0.008];[1.0, 0.0];[1.0, 0.0];[0.175, 0.037];[0.175, 0.037];[0.175, 0.037];[0.99, 0.011];[0.979, 0.023];[1.0, 0.0];[1.0, 0.0];[0.99, 0.011];[0.979, 0.023];[1.0, 0.0];[1.0, 0.0]
countries_s2;backward_2_3;complex;dcr;None;[0, 1, 2, 3, 4];100;256;256;256;facts.txt;train.txt;valid.txt;test.txt;domain2constants.txt;rules.txt;TAIL;1;100;None;TRUE;functional;0;0;200;200;0.0;0.0;0.01;plateau;adam;TRUE;100;1;binary_crossentropy;0.5;FALSE;3;1;TRUE;full;1;0.0;100;0.0;0.0;100;TRUE;0.0;max;3;0.0;['dataset_name', 'grounder', 'kge', 'model_name', 'rule_miner', 'neg', 'e', 'train_batch_size', 'val_batch_size', 'test_batch_size'];countries_s2-backward_2_3-complex-dcr-None-1-100-256-256-256;./../checkpoints/;FALSE;TRUE;FALSE;TRUE;4;0.0;0.29;0.2;86.66;0.11;[0.0, 0.0];[0.284, 0.008];[0.236, 0.088];[86.572, 0.672];[0.11, 0.0];[0.026, 0.003];[0.005, 0.003];[0.015, 0.003];[1.0, 0.0];[1.0, 0.0];[1.0, 0.0];[1.0, 0.0];[1.0, 0.0];[1.0, 0.0];[1.0, 0.0];[1.0, 0.0];[0.081, 0.008];[0.009, 0.005];[0.079, 0.012];[0.99, 0.014];[0.983, 0.024];[0.996, 0.008];[1.0, 0.0];[1.0, 0.0];[1.0, 0.0];[1.0, 0.0];[1.0, 0.0];[0.143, 0.025];[0.13, 0.042];[0.08, 0.012];[0.983, 0.01];[0.971, 0.017];[0.996, 0.008];[1.0, 0.0];[0.994, 0.005];[0.988, 0.01];[1.0, 0.0];[1.0, 0.0]
countries_s2;backward_2_3;complex;sbr;None;[0, 1, 2, 3, 4];100;256;256;256;facts.txt;train.txt;valid.txt;test.txt;domain2constants.txt;rules.txt;TAIL;1;100;None;TRUE;functional;0;0;200;200;0.0;0.0;0.01;plateau;adam;TRUE;100;1;binary_crossentropy;0.5;FALSE;3;1;TRUE;full;1;0.0;100;0.0;0.0;100;TRUE;0.0;max;3;0.0;['dataset_name', 'grounder', 'kge', 'model_name', 'rule_miner', 'neg', 'e', 'train_batch_size', 'val_batch_size', 'test_batch_size'];countries_s2-backward_2_3-complex-sbr-None-1-100-256-256-256;./../checkpoints/;FALSE;TRUE;FALSE;TRUE;4;0.0;0.29;0.2;80.13;0.11;[0.0, 0.0];[0.284, 0.008];[0.194, 0.012];[74.556, 10.597];[0.106, 0.005];[0.007, 0.002];[0.005, 0.002];[0.009, 0.002];[1.0, 0.0];[1.0, 0.0];[1.0, 0.0];[1.0, 0.0];[1.0, 0.0];[1.0, 0.0];[1.0, 0.0];[1.0, 0.0];[0.034, 0.004];[0.008, 0.001];[0.061, 0.007];[0.981, 0.007];[0.971, 0.01];[0.992, 0.01];[1.0, 0.0];[0.984, 0.003];[0.979, 0.0];[0.988, 0.01];[1.0, 0.0];[0.203, 0.025];[0.354, 0.043];[0.052, 0.008];[0.973, 0.005];[0.95, 0.01];[0.996, 0.008];[1.0, 0.0];[0.998, 0.004];[0.996, 0.008];[1.0, 0.0];[1.0, 0.0]
countries_s2;backward_2_3;complex;r2n;None;[0, 1, 2, 3, 4];100;256;256;256;facts.txt;train.txt;valid.txt;test.txt;domain2constants.txt;rules.txt;TAIL;1;100;None;TRUE;functional;0;0;200;200;0.0;0.0;0.01;plateau;adam;TRUE;100;1;binary_crossentropy;0.5;FALSE;3;1;TRUE;full;1;0.0;100;0.0;0.0;100;TRUE;0.0;max;3;0.0;['dataset_name', 'grounder', 'kge', 'model_name', 'rule_miner', 'neg', 'e', 'train_batch_size', 'val_batch_size', 'test_batch_size'];countries_s2-backward_2_3-complex-r2n-None-1-100-256-256-256;./../checkpoints/;FALSE;TRUE;FALSE;TRUE;4;0.0;0.28;0.2;73.49;0.12;[0.0, 0.0];[0.276, 0.008];[0.19, 0.011];[67.618, 4.03];[0.112, 0.007];[0.014, 0.009];[0.015, 0.01];[0.012, 0.008];[0.999, 0.001];[0.999, 0.001];[1.0, 0.0];[1.0, 0.0];[1.0, 0.001];[0.999, 0.001];[1.0, 0.0];[1.0, 0.0];[0.006, 0.001];[0.006, 0.001];[0.006, 0.001];[0.998, 0.004];[0.996, 0.008];[1.0, 0.0];[1.0, 0.0];[0.998, 0.004];[0.996, 0.008];[1.0, 0.0];[1.0, 0.0];[0.176, 0.039];[0.176, 0.039];[0.176, 0.039];[0.992, 0.01];[0.983, 0.02];[1.0, 0.0];[1.0, 0.0];[0.992, 0.01];[0.983, 0.02];[1.0, 0.0];[1.0, 0.0]
countries_s3;backward_0_1;complex;dcr;None;[0, 1, 2, 3, 4];100;256;256;128;facts.txt;train.txt;valid.txt;test.txt;domain2constants.txt;rules.txt;TAIL;1;100;None;TRUE;functional;0;0;200;200;0.0;0.0;0.01;plateau;adam;TRUE;100;1;binary_crossentropy;0.5;FALSE;3;1;TRUE;full;1;0.0;100;0.0;0.0;100;TRUE;0.0;max;3;0.0;['dataset_name', 'grounder', 'kge', 'model_name', 'rule_miner', 'neg', 'e', 'train_batch_size', 'val_batch_size', 'test_batch_size'];countries_s3-backward_0_1-complex-dcr-None-1-100-256-256-128;./../checkpoints/;FALSE;TRUE;FALSE;TRUE;4;0.0;13.38;2.06;475.62;0.12;[0.0, 0.0];[13.46, 0.237];[2.132, 0.086];[472.884, 72.872];[0.108, 0.007];[0.012, 0.003];[0.003, 0.0];[0.019, 0.006];[1.0, 0.0];[1.0, 0.0];[1.0, 0.0];[1.0, 0.0];[1.0, 0.0];[1.0, 0.0];[1.0, 0.0];[1.0, 0.0];[0.159, 0.005];[0.027, 0.002];[0.277, 0.012];[0.819, 0.026];[0.771, 0.048];[0.85, 0.024];[0.908, 0.021];[0.803, 0.025];[0.725, 0.044];[0.842, 0.025];[0.942, 0.008];[0.599, 0.033];[0.883, 0.044];[0.309, 0.033];[0.887, 0.018];[0.821, 0.031];[0.937, 0.023];[1.0, 0.0];[0.935, 0.017];[0.896, 0.029];[0.958, 0.013];[1.0, 0.0]
countries_s3;backward_0_1;complex;sbr;None;[0, 1, 2, 3, 4];100;256;256;128;facts.txt;train.txt;valid.txt;test.txt;domain2constants.txt;rules.txt;TAIL;1;100;None;TRUE;functional;0;0;200;200;0.0;0.0;0.01;plateau;adam;TRUE;100;1;binary_crossentropy;0.5;FALSE;3;1;TRUE;full;1;0.0;100;0.0;0.0;100;TRUE;0.0;max;3;0.0;['dataset_name', 'grounder', 'kge', 'model_name', 'rule_miner', 'neg', 'e', 'train_batch_size', 'val_batch_size', 'test_batch_size'];countries_s3-backward_0_1-complex-sbr-None-1-100-256-256-128;./../checkpoints/;FALSE;TRUE;FALSE;TRUE;4;0.0;13.13;2.09;399.96;0.11;[0.0, 0.0];[13.034, 0.236];[2.058, 0.064];[471.698, 88.317];[0.112, 0.004];[0.012, 0.004];[0.008, 0.004];[0.017, 0.003];[1.0, 0.0];[1.0, 0.0];[1.0, 0.0];[1.0, 0.0];[1.0, 0.0];[1.0, 0.0];[1.0, 0.0];[1.0, 0.0];[0.111, 0.007];[0.029, 0.002];[0.194, 0.016];[0.77, 0.028];[0.712, 0.04];[0.783, 0.017];[0.913, 0.02];[0.726, 0.022];[0.646, 0.019];[0.75, 0.044];[0.9, 0.02];[0.482, 0.065];[0.739, 0.113];[0.225, 0.023];[0.901, 0.027];[0.833, 0.048];[0.971, 0.01];[1.0, 0.0];[0.953, 0.009];[0.917, 0.013];[0.992, 0.01];[1.0, 0.0]
countries_s3;backward_0_1;complex;r2n;None;[0, 1, 2, 3, 4];100;256;256;128;facts.txt;train.txt;valid.txt;test.txt;domain2constants.txt;rules.txt;TAIL;1;100;None;TRUE;functional;0;0;200;200;0.0;0.0;0.01;plateau;adam;TRUE;100;1;binary_crossentropy;0.5;FALSE;3;1;TRUE;full;1;0.0;100;0.0;0.0;100;TRUE;0.0;max;3;0.0;['dataset_name', 'grounder', 'kge', 'model_name', 'rule_miner', 'neg', 'e', 'train_batch_size', 'val_batch_size', 'test_batch_size'];countries_s3-backward_0_1-complex-r2n-None-1-100-256-256-128;./../checkpoints/;FALSE;TRUE;FALSE;TRUE;4;0.0;13.17;2.11;466.94;0.11;[0.0, 0.0];[13.124, 0.235];[2.076, 0.078];[476.256, 20.943];[0.112, 0.01];[0.004, 0.004];[0.004, 0.004];[0.003, 0.004];[1.0, 0.0];[1.0, 0.0];[1.0, 0.0];[1.0, 0.0];[1.0, 0.0];[1.0, 0.0];[1.0, 0.0];[1.0, 0.0];[0.026, 0.002];[0.026, 0.002];[0.026, 0.002];[0.87, 0.014];[0.846, 0.017];[0.871, 0.024];[0.929, 0.017];[0.87, 0.014];[0.846, 0.017];[0.871, 0.024];[0.929, 0.017];[0.826, 0.11];[0.826, 0.11];[0.826, 0.11];[0.907, 0.02];[0.85, 0.033];[0.95, 0.01];[1.0, 0.0];[0.907, 0.02];[0.85, 0.033];[0.95, 0.01];[1.0, 0.0]
countries_s3;backward_1_1;complex;no_reasoner;None;[0, 1, 2, 3, 4];100;256;256;128;facts.txt;train.txt;valid.txt;test.txt;domain2constants.txt;rules.txt;TAIL;1;100;None;TRUE;functional;0;0;200;200;0.0;0.0;0.01;plateau;adam;TRUE;100;0;binary_crossentropy;0.5;FALSE;3;1;TRUE;full;1;0.0;100;0.0;0.0;100;TRUE;0.0;max;3;0.0;['dataset_name', 'grounder', 'kge', 'model_name', 'rule_miner', 'neg', 'e', 'train_batch_size', 'val_batch_size', 'test_batch_size'];countries_s3-backward_1_1-complex-no_reasoner-None-1-100-256-256-128;./../checkpoints/;FALSE;TRUE;FALSE;TRUE;4;0.0;0.02;0.0;19.02;0.1;[0.0, 0.0];[0.02, 0.0];[0.0, 0.0];[19.252, 1.076];[0.098, 0.007];[0.002, 0.001];[0.002, 0.001];[0.002, 0.001];[1.0, 0.0];[1.0, 0.0];[1.0, 0.0];[1.0, 0.0];[1.0, 0.0];[1.0, 0.0];[1.0, 0.0];[1.0, 0.0];[0.029, 0.002];[0.029, 0.002];[0.029, 0.002];[0.846, 0.009];[0.812, 0.013];[0.85, 0.008];[0.921, 0.024];[0.846, 0.009];[0.812, 0.013];[0.85, 0.008];[0.921, 0.024];[0.93, 0.088];[0.93, 0.088];[0.93, 0.088];[0.884, 0.034];[0.825, 0.06];[0.921, 0.031];[1.0, 0.0];[0.884, 0.034];[0.825, 0.06];[0.921, 0.031];[1.0, 0.0]
countries_s3;backward_1_1;complex;dcr;None;[0, 1, 2, 3, 4];100;256;256;128;facts.txt;train.txt;valid.txt;test.txt;domain2constants.txt;rules.txt;TAIL;1;100;None;TRUE;functional;0;0;200;200;0.0;0.0;0.01;plateau;adam;TRUE;100;1;binary_crossentropy;0.5;FALSE;3;1;TRUE;full;1;0.0;100;0.0;0.0;100;TRUE;0.0;max;3;0.0;['dataset_name', 'grounder', 'kge', 'model_name', 'rule_miner', 'neg', 'e', 'train_batch_size', 'val_batch_size', 'test_batch_size'];countries_s3-backward_1_1-complex-dcr-None-1-100-256-256-128;./../checkpoints/;FALSE;TRUE;FALSE;TRUE;4;0.0;14.96;2.15;494.08;0.1;[0.0, 0.0];[14.136, 0.537];[2.152, 0.035];[492.87, 72.074];[0.102, 0.004];[0.012, 0.003];[0.003, 0.0];[0.019, 0.006];[1.0, 0.0];[1.0, 0.0];[1.0, 0.0];[1.0, 0.0];[1.0, 0.0];[1.0, 0.0];[1.0, 0.0];[1.0, 0.0];[0.159, 0.005];[0.027, 0.002];[0.277, 0.012];[0.819, 0.026];[0.771, 0.048];[0.85, 0.024];[0.908, 0.021];[0.803, 0.025];[0.725, 0.044];[0.842, 0.025];[0.942, 0.008];[0.599, 0.033];[0.883, 0.044];[0.309, 0.033];[0.887, 0.018];[0.821, 0.031];[0.937, 0.023];[1.0, 0.0];[0.935, 0.017];[0.896, 0.029];[0.958, 0.013];[1.0, 0.0]
countries_s3;backward_1_1;complex;sbr;None;[0, 1, 2, 3, 4];100;256;256;128;facts.txt;train.txt;valid.txt;test.txt;domain2constants.txt;rules.txt;TAIL;1;100;None;TRUE;functional;0;0;200;200;0.0;0.0;0.01;plateau;adam;TRUE;100;1;binary_crossentropy;0.5;FALSE;3;1;TRUE;full;1;0.0;100;0.0;0.0;100;TRUE;0.0;max;3;0.0;['dataset_name', 'grounder', 'kge', 'model_name', 'rule_miner', 'neg', 'e', 'train_batch_size', 'val_batch_size', 'test_batch_size'];countries_s3-backward_1_1-complex-sbr-None-1-100-256-256-128;./../checkpoints/;FALSE;TRUE;FALSE;TRUE;4;0.0;14.0;2.14;418.22;0.11;[0.0, 0.0];[13.614, 0.208];[2.128, 0.057];[494.57, 91.831];[0.112, 0.004];[0.012, 0.004];[0.008, 0.004];[0.017, 0.003];[1.0, 0.0];[1.0, 0.0];[1.0, 0.0];[1.0, 0.0];[1.0, 0.0];[1.0, 0.0];[1.0, 0.0];[1.0, 0.0];[0.111, 0.007];[0.029, 0.002];[0.194, 0.016];[0.77, 0.028];[0.712, 0.04];[0.783, 0.017];[0.913, 0.02];[0.726, 0.022];[0.646, 0.019];[0.75, 0.044];[0.9, 0.02];[0.482, 0.065];[0.739, 0.113];[0.225, 0.023];[0.901, 0.027];[0.833, 0.048];[0.971, 0.01];[1.0, 0.0];[0.953, 0.009];[0.917, 0.013];[0.992, 0.01];[1.0, 0.0]
countries_s3;backward_1_1;complex;r2n;None;[0, 1, 2, 3, 4];100;256;256;128;facts.txt;train.txt;valid.txt;test.txt;domain2constants.txt;rules.txt;TAIL;1;100;None;TRUE;functional;0;0;200;200;0.0;0.0;0.01;plateau;adam;TRUE;100;1;binary_crossentropy;0.5;FALSE;3;1;TRUE;full;1;0.0;100;0.0;0.0;100;TRUE;0.0;max;3;0.0;['dataset_name', 'grounder', 'kge', 'model_name', 'rule_miner', 'neg', 'e', 'train_batch_size', 'val_batch_size', 'test_batch_size'];countries_s3-backward_1_1-complex-r2n-None-1-100-256-256-128;./../checkpoints/;FALSE;TRUE;FALSE;TRUE;4;0.0;14.39;2.17;485.57;0.11;[0.0, 0.0];[14.092, 0.283];[2.158, 0.025];[496.384, 16.713];[0.11, 0.006];[0.004, 0.004];[0.004, 0.004];[0.003, 0.004];[1.0, 0.0];[1.0, 0.0];[1.0, 0.0];[1.0, 0.0];[1.0, 0.0];[1.0, 0.0];[1.0, 0.0];[1.0, 0.0];[0.026, 0.002];[0.026, 0.002];[0.026, 0.002];[0.87, 0.014];[0.846, 0.017];[0.871, 0.024];[0.929, 0.017];[0.87, 0.014];[0.846, 0.017];[0.871, 0.024];[0.929, 0.017];[0.826, 0.11];[0.826, 0.11];[0.826, 0.11];[0.907, 0.02];[0.85, 0.033];[0.95, 0.01];[1.0, 0.0];[0.907, 0.02];[0.85, 0.033];[0.95, 0.01];[1.0, 0.0]
countries_s3;backward_1_2;complex;dcr;None;[0, 1, 2, 3, 4];100;256;256;128;facts.txt;train.txt;valid.txt;test.txt;domain2constants.txt;rules.txt;TAIL;1;100;None;TRUE;functional;0;0;200;200;0.0;0.0;0.01;plateau;adam;TRUE;100;1;binary_crossentropy;0.5;FALSE;3;1;TRUE;full;1;0.0;100;0.0;0.0;100;TRUE;0.0;max;3;0.0;['dataset_name', 'grounder', 'kge', 'model_name', 'rule_miner', 'neg', 'e', 'train_batch_size', 'val_batch_size', 'test_batch_size'];countries_s3-backward_1_2-complex-dcr-None-1-100-256-256-128;./../checkpoints/;FALSE;TRUE;FALSE;TRUE;4;0.0;14.73;12.52;1406.22;0.12;[0.0, 0.0];[14.748, 0.164];[12.466, 0.212];[1424.646, 58.821];[0.122, 0.004];[0.036, 0.006];[0.01, 0.006];[0.039, 0.008];[1.0, 0.0];[1.0, 0.001];[1.0, 0.0];[1.0, 0.0];[0.999, 0.001];[0.999, 0.002];[1.0, 0.0];[1.0, 0.0];[0.35, 0.02];[0.096, 0.035];[0.544, 0.031];[0.798, 0.024];[0.738, 0.031];[0.838, 0.036];[0.913, 0.031];[0.785, 0.013];[0.721, 0.021];[0.804, 0.021];[0.929, 0.021];[0.456, 0.144];[0.488, 0.266];[0.361, 0.035];[0.908, 0.031];[0.854, 0.051];[0.958, 0.013];[1.0, 0.0];[0.969, 0.011];[0.942, 0.02];[1.0, 0.0];[1.0, 0.0]
countries_s3;backward_1_2;complex;sbr;None;[0, 1, 2, 3, 4];100;256;256;128;facts.txt;train.txt;valid.txt;test.txt;domain2constants.txt;rules.txt;TAIL;1;100;None;TRUE;functional;0;0;200;200;0.0;0.0;0.01;plateau;adam;TRUE;100;1;binary_crossentropy;0.5;FALSE;3;1;TRUE;full;1;0.0;100;0.0;0.0;100;TRUE;0.0;max;3;0.0;['dataset_name', 'grounder', 'kge', 'model_name', 'rule_miner', 'neg', 'e', 'train_batch_size', 'val_batch_size', 'test_batch_size'];countries_s3-backward_1_2-complex-sbr-None-1-100-256-256-128;./../checkpoints/;FALSE;TRUE;FALSE;TRUE;4;0.0;14.93;12.22;1415.39;0.11;[0.0, 0.0];[14.738, 0.137];[12.42, 0.27];[1547.498, 262.302];[0.12, 0.006];[0.145, 0.261];[0.141, 0.263];[0.149, 0.259];[1.0, 0.0];[1.0, 0.0];[1.0, 0.0];[1.0, 0.0];[1.0, 0.0];[0.999, 0.001];[1.0, 0.0];[1.0, 0.0];[0.154, 0.095];[0.092, 0.125];[0.216, 0.066];[0.761, 0.042];[0.708, 0.048];[0.771, 0.054];[0.888, 0.039];[0.749, 0.02];[0.671, 0.042];[0.758, 0.025];[0.904, 0.028];[0.439, 0.091];[0.689, 0.213];[0.189, 0.112];[0.888, 0.038];[0.821, 0.054];[0.929, 0.039];[1.0, 0.0];[0.968, 0.022];[0.942, 0.036];[0.992, 0.017];[1.0, 0.0]
countries_s3;backward_1_2;complex;r2n;None;[0, 1, 2, 3, 4];100;256;256;128;facts.txt;train.txt;valid.txt;test.txt;domain2constants.txt;rules.txt;TAIL;1;100;None;TRUE;functional;0;0;200;200;0.0;0.0;0.01;plateau;adam;TRUE;100;1;binary_crossentropy;0.5;FALSE;3;1;TRUE;full;1;0.0;100;0.0;0.0;100;TRUE;0.0;max;3;0.0;['dataset_name', 'grounder', 'kge', 'model_name', 'rule_miner', 'neg', 'e', 'train_batch_size', 'val_batch_size', 'test_batch_size'];countries_s3-backward_1_2-complex-r2n-None-1-100-256-256-128;./../checkpoints/;FALSE;TRUE;FALSE;TRUE;4;0.0;14.63;12.37;1628.7;0.13;[0.0, 0.0];[14.674, 0.151];[12.234, 0.087];[1600.464, 21.946];[0.128, 0.007];[0.002, 0.001];[0.002, 0.001];[0.002, 0.001];[1.0, 0.0];[1.0, 0.0];[1.0, 0.0];[1.0, 0.0];[1.0, 0.0];[1.0, 0.0];[1.0, 0.0];[1.0, 0.0];[0.028, 0.002];[0.028, 0.002];[0.028, 0.002];[0.852, 0.018];[0.825, 0.021];[0.858, 0.016];[0.908, 0.01];[0.852, 0.018];[0.825, 0.021];[0.858, 0.016];[0.908, 0.01];[0.912, 0.082];[0.912, 0.082];[0.912, 0.082];[0.889, 0.032];[0.825, 0.049];[0.938, 0.019];[1.0, 0.0];[0.889, 0.032];[0.825, 0.049];[0.938, 0.019];[1.0, 0.0]
countries_s3;backward_1_3;complex;dcr;None;[0, 1, 2, 3, 4];100;256;256;128;facts.txt;train.txt;valid.txt;test.txt;domain2constants.txt;rules.txt;TAIL;1;100;None;TRUE;functional;0;0;200;200;0.0;0.0;0.01;plateau;adam;TRUE;100;1;binary_crossentropy;0.5;FALSE;3;1;TRUE;full;1;0.0;100;0.0;0.0;100;TRUE;0.0;max;3;0.0;['dataset_name', 'grounder', 'kge', 'model_name', 'rule_miner', 'neg', 'e', 'train_batch_size', 'val_batch_size', 'test_batch_size'];countries_s3-backward_1_3-complex-dcr-None-1-100-256-256-128;./../checkpoints/;FALSE;TRUE;FALSE;TRUE;4;0.0;14.66;13.76;2196.26;0.14;[0.0, 0.0];[14.914, 0.218];[13.94, 0.317];[1973.222, 113.462];[0.138, 0.007];[0.045, 0.002];[0.003, 0.001];[0.024, 0.004];[1.0, 0.0];[1.0, 0.0];[1.0, 0.0];[1.0, 0.0];[1.0, 0.0];[1.0, 0.0];[1.0, 0.0];[1.0, 0.0];[0.22, 0.004];[0.027, 0.002];[0.29, 0.007];[0.829, 0.031];[0.796, 0.04];[0.85, 0.04];[0.888, 0.031];[0.769, 0.013];[0.725, 0.016];[0.771, 0.023];[0.846, 0.017];[0.636, 0.01];[0.874, 0.017];[0.275, 0.003];[0.874, 0.014];[0.8, 0.025];[0.929, 0.021];[1.0, 0.0];[0.976, 0.009];[0.954, 0.016];[1.0, 0.0];[1.0, 0.0]
countries_s3;backward_1_3;complex;sbr;None;[0, 1, 2, 3, 4];100;256;256;128;facts.txt;train.txt;valid.txt;test.txt;domain2constants.txt;rules.txt;TAIL;1;100;None;TRUE;functional;0;0;200;200;0.0;0.0;0.01;plateau;adam;TRUE;100;1;binary_crossentropy;0.5;FALSE;3;1;TRUE;full;1;0.0;100;0.0;0.0;100;TRUE;0.0;max;3;0.0;['dataset_name', 'grounder', 'kge', 'model_name', 'rule_miner', 'neg', 'e', 'train_batch_size', 'val_batch_size', 'test_batch_size'];countries_s3-backward_1_3-complex-sbr-None-1-100-256-256-128;./../checkpoints/;FALSE;TRUE;FALSE;TRUE;4;0.0;15.44;14.34;1916.45;0.11;[0.0, 0.0];[15.086, 0.227];[14.008, 0.216];[2438.974, 429.107];[0.116, 0.005];[0.142, 0.262];[0.139, 0.264];[0.145, 0.261];[1.0, 0.0];[1.0, 0.0];[1.0, 0.0];[1.0, 0.0];[0.999, 0.0];[0.999, 0.001];[1.0, 0.0];[1.0, 0.0];[0.16, 0.092];[0.092, 0.125];[0.228, 0.061];[0.753, 0.031];[0.708, 0.029];[0.754, 0.04];[0.879, 0.044];[0.724, 0.016];[0.642, 0.02];[0.738, 0.017];[0.896, 0.029];[0.474, 0.057];[0.755, 0.19];[0.193, 0.109];[0.891, 0.039];[0.829, 0.066];[0.938, 0.029];[1.0, 0.0];[0.977, 0.016];[0.958, 0.023];[0.996, 0.008];[1.0, 0.0]
countries_s3;backward_1_3;complex;r2n;None;[0, 1, 2, 3, 4];100;256;256;128;facts.txt;train.txt;valid.txt;test.txt;domain2constants.txt;rules.txt;TAIL;1;100;None;TRUE;functional;0;0;200;200;0.0;0.0;0.01;plateau;adam;TRUE;100;1;binary_crossentropy;0.5;FALSE;3;1;TRUE;full;1;0.0;100;0.0;0.0;100;TRUE;0.0;max;3;0.0;['dataset_name', 'grounder', 'kge', 'model_name', 'rule_miner', 'neg', 'e', 'train_batch_size', 'val_batch_size', 'test_batch_size'];countries_s3-backward_1_3-complex-r2n-None-1-100-256-256-128;./../checkpoints/;FALSE;TRUE;FALSE;TRUE;4;0.0;15.18;14.23;2044.68;0.13;[0.0, 0.0];[14.704, 0.28];[13.868, 0.223];[2117.486, 48.9];[0.134, 0.005];[0.002, 0.002];[0.002, 0.002];[0.002, 0.001];[1.0, 0.0];[1.0, 0.0];[1.0, 0.0];[1.0, 0.0];[1.0, 0.0];[1.0, 0.0];[1.0, 0.0];[1.0, 0.0];[0.028, 0.003];[0.028, 0.003];[0.028, 0.003];[0.858, 0.013];[0.829, 0.016];[0.862, 0.017];[0.921, 0.02];[0.858, 0.013];[0.829, 0.016];[0.862, 0.017];[0.921, 0.02];[0.921, 0.068];[0.921, 0.068];[0.921, 0.068];[0.895, 0.032];[0.833, 0.051];[0.942, 0.02];[1.0, 0.0];[0.895, 0.032];[0.833, 0.051];[0.942, 0.02];[1.0, 0.0]
countries_s3;backward_2_1;complex;dcr;None;[0, 1, 2, 3, 4];100;256;256;128;facts.txt;train.txt;valid.txt;test.txt;domain2constants.txt;rules.txt;TAIL;1;100;None;TRUE;functional;0;0;200;200;0.0;0.0;0.01;plateau;adam;TRUE;100;1;binary_crossentropy;0.5;FALSE;3;1;TRUE;full;1;0.0;100;0.0;0.0;100;TRUE;0.0;max;3;0.0;['dataset_name', 'grounder', 'kge', 'model_name', 'rule_miner', 'neg', 'e', 'train_batch_size', 'val_batch_size', 'test_batch_size'];countries_s3-backward_2_1-complex-dcr-None-1-100-256-256-128;./../checkpoints/;FALSE;TRUE;FALSE;TRUE;4;0.0;14.17;2.13;489.15;0.1;[0.0, 0.0];[13.7, 0.407];[2.144, 0.091];[485.688, 71.23];[0.108, 0.007];[0.012, 0.003];[0.003, 0.0];[0.019, 0.006];[1.0, 0.0];[1.0, 0.0];[1.0, 0.0];[1.0, 0.0];[1.0, 0.0];[1.0, 0.0];[1.0, 0.0];[1.0, 0.0];[0.159, 0.005];[0.027, 0.002];[0.277, 0.012];[0.819, 0.026];[0.771, 0.048];[0.85, 0.024];[0.908, 0.021];[0.803, 0.025];[0.725, 0.044];[0.842, 0.025];[0.942, 0.008];[0.599, 0.033];[0.883, 0.044];[0.309, 0.033];[0.887, 0.018];[0.821, 0.031];[0.937, 0.023];[1.0, 0.0];[0.935, 0.017];[0.896, 0.029];[0.958, 0.013];[1.0, 0.0]
countries_s3;backward_2_1;complex;sbr;None;[0, 1, 2, 3, 4];100;256;256;128;facts.txt;train.txt;valid.txt;test.txt;domain2constants.txt;rules.txt;TAIL;1;100;None;TRUE;functional;0;0;200;200;0.0;0.0;0.01;plateau;adam;TRUE;100;1;binary_crossentropy;0.5;FALSE;3;1;TRUE;full;1;0.0;100;0.0;0.0;100;TRUE;0.0;max;3;0.0;['dataset_name', 'grounder', 'kge', 'model_name', 'rule_miner', 'neg', 'e', 'train_batch_size', 'val_batch_size', 'test_batch_size'];countries_s3-backward_2_1-complex-sbr-None-1-100-256-256-128;./../checkpoints/;FALSE;TRUE;FALSE;TRUE;4;0.0;14.52;2.13;417.12;0.11;[0.0, 0.0];[13.682, 0.447];[2.148, 0.025];[493.008, 91.569];[0.112, 0.004];[0.012, 0.004];[0.008, 0.004];[0.017, 0.003];[1.0, 0.0];[1.0, 0.0];[1.0, 0.0];[1.0, 0.0];[1.0, 0.0];[1.0, 0.0];[1.0, 0.0];[1.0, 0.0];[0.111, 0.007];[0.029, 0.002];[0.194, 0.016];[0.77, 0.028];[0.712, 0.04];[0.783, 0.017];[0.913, 0.02];[0.726, 0.022];[0.646, 0.019];[0.75, 0.044];[0.9, 0.02];[0.482, 0.065];[0.739, 0.113];[0.225, 0.023];[0.901, 0.027];[0.833, 0.048];[0.971, 0.01];[1.0, 0.0];[0.953, 0.009];[0.917, 0.013];[0.992, 0.01];[1.0, 0.0]
countries_s3;backward_2_1;complex;r2n;None;[0, 1, 2, 3, 4];100;256;256;128;facts.txt;train.txt;valid.txt;test.txt;domain2constants.txt;rules.txt;TAIL;1;100;None;TRUE;functional;0;0;200;200;0.0;0.0;0.01;plateau;adam;TRUE;100;1;binary_crossentropy;0.5;FALSE;3;1;TRUE;full;1;0.0;100;0.0;0.0;100;TRUE;0.0;max;3;0.0;['dataset_name', 'grounder', 'kge', 'model_name', 'rule_miner', 'neg', 'e', 'train_batch_size', 'val_batch_size', 'test_batch_size'];countries_s3-backward_2_1-complex-r2n-None-1-100-256-256-128;./../checkpoints/;FALSE;TRUE;FALSE;TRUE;4;0.0;13.09;2.11;468.0;0.11;[0.0, 0.0];[13.346, 0.29];[2.094, 0.034];[481.774, 21.755];[0.112, 0.004];[0.004, 0.004];[0.004, 0.004];[0.003, 0.004];[1.0, 0.0];[1.0, 0.0];[1.0, 0.0];[1.0, 0.0];[1.0, 0.0];[1.0, 0.0];[1.0, 0.0];[1.0, 0.0];[0.026, 0.002];[0.026, 0.002];[0.026, 0.002];[0.87, 0.014];[0.846, 0.017];[0.871, 0.024];[0.929, 0.017];[0.87, 0.014];[0.846, 0.017];[0.871, 0.024];[0.929, 0.017];[0.826, 0.11];[0.826, 0.11];[0.826, 0.11];[0.907, 0.02];[0.85, 0.033];[0.95, 0.01];[1.0, 0.0];[0.907, 0.02];[0.85, 0.033];[0.95, 0.01];[1.0, 0.0]
countries_s3;backward_2_2;complex;dcr;None;[0, 1, 2, 3, 4];100;256;256;128;facts.txt;train.txt;valid.txt;test.txt;domain2constants.txt;rules.txt;TAIL;1;100;None;TRUE;functional;0;0;200;200;0.0;0.0;0.01;plateau;adam;TRUE;100;1;binary_crossentropy;0.5;FALSE;3;1;TRUE;full;1;0.0;100;0.0;0.0;100;TRUE;0.0;max;3;0.0;['dataset_name', 'grounder', 'kge', 'model_name', 'rule_miner', 'neg', 'e', 'train_batch_size', 'val_batch_size', 'test_batch_size'];countries_s3-backward_2_2-complex-dcr-None-1-100-256-256-128;./../checkpoints/;FALSE;TRUE;FALSE;TRUE;4;0.0;14.69;11.74;1313.66;0.12;[0.0, 0.0];[14.23, 0.277];[11.9, 0.289];[1462.764, 271.24];[0.122, 0.004];[0.039, 0.003];[0.01, 0.004];[0.034, 0.009];[1.0, 0.0];[1.0, 0.0];[1.0, 0.0];[1.0, 0.0];[0.999, 0.0];[0.999, 0.001];[1.0, 0.0];[1.0, 0.0];[0.326, 0.052];[0.103, 0.038];[0.476, 0.09];[0.804, 0.017];[0.729, 0.029];[0.867, 0.021];[0.942, 0.016];[0.778, 0.011];[0.729, 0.023];[0.771, 0.019];[0.917, 0.013];[0.389, 0.133];[0.379, 0.274];[0.321, 0.033];[0.923, 0.038];[0.875, 0.066];[0.958, 0.013];[1.0, 0.0];[0.976, 0.013];[0.954, 0.024];[1.0, 0.0];[1.0, 0.0]
countries_s3;backward_2_2;complex;sbr;None;[0, 1, 2, 3, 4];100;256;256;128;facts.txt;train.txt;valid.txt;test.txt;domain2constants.txt;rules.txt;TAIL;1;100;None;TRUE;functional;0;0;200;200;0.0;0.0;0.01;plateau;adam;TRUE;100;1;binary_crossentropy;0.5;FALSE;3;1;TRUE;full;1;0.0;100;0.0;0.0;100;TRUE;0.0;max;3;0.0;['dataset_name', 'grounder', 'kge', 'model_name', 'rule_miner', 'neg', 'e', 'train_batch_size', 'val_batch_size', 'test_batch_size'];countries_s3-backward_2_2-complex-sbr-None-1-100-256-256-128;./../checkpoints/;FALSE;TRUE;FALSE;TRUE;4;0.0;15.27;12.2;1402.93;0.12;[0.0, 0.0];[14.694, 0.367];[12.202, 0.177];[1565.458, 251.503];[0.12, 0.006];[0.143, 0.262];[0.14, 0.263];[0.146, 0.26];[1.0, 0.0];[1.0, 0.0];[1.0, 0.0];[1.0, 0.0];[0.999, 0.001];[0.999, 0.001];[1.0, 0.0];[1.0, 0.0];[0.156, 0.094];[0.091, 0.125];[0.221, 0.064];[0.747, 0.03];[0.692, 0.042];[0.762, 0.049];[0.896, 0.044];[0.75, 0.02];[0.65, 0.033];[0.775, 0.036];[0.888, 0.021];[0.451, 0.066];[0.713, 0.183];[0.19, 0.111];[0.885, 0.044];[0.817, 0.068];[0.929, 0.039];[1.0, 0.0];[0.975, 0.019];[0.954, 0.031];[0.992, 0.017];[1.0, 0.0]
countries_s3;backward_2_2;complex;r2n;None;[0, 1, 2, 3, 4];100;256;256;128;facts.txt;train.txt;valid.txt;test.txt;domain2constants.txt;rules.txt;TAIL;1;100;None;TRUE;functional;0;0;200;200;0.0;0.0;0.01;plateau;adam;TRUE;100;1;binary_crossentropy;0.5;FALSE;3;1;TRUE;full;1;0.0;100;0.0;0.0;100;TRUE;0.0;max;3;0.0;['dataset_name', 'grounder', 'kge', 'model_name', 'rule_miner', 'neg', 'e', 'train_batch_size', 'val_batch_size', 'test_batch_size'];countries_s3-backward_2_2-complex-r2n-None-1-100-256-256-128;./../checkpoints/;FALSE;TRUE;FALSE;TRUE;4;0.0;15.17;12.28;1595.82;0.13;[0.0, 0.0];[15.174, 0.215];[12.782, 0.359];[1644.426, 65.338];[0.128, 0.007];[0.006, 0.006];[0.006, 0.007];[0.005, 0.005];[1.0, 0.0];[1.0, 0.0];[1.0, 0.0];[1.0, 0.0];[1.0, 0.0];[1.0, 0.0];[1.0, 0.0];[1.0, 0.0];[0.027, 0.003];[0.027, 0.003];[0.027, 0.003];[0.864, 0.005];[0.837, 0.008];[0.871, 0.024];[0.925, 0.017];[0.864, 0.005];[0.837, 0.008];[0.871, 0.024];[0.925, 0.017];[0.826, 0.201];[0.826, 0.201];[0.826, 0.201];[0.901, 0.041];[0.842, 0.068];[0.954, 0.031];[1.0, 0.0];[0.901, 0.041];[0.842, 0.068];[0.954, 0.031];[1.0, 0.0]
countries_s3;backward_2_3;complex;dcr;None;[0, 1, 2, 3, 4];100;256;256;128;facts.txt;train.txt;valid.txt;test.txt;domain2constants.txt;rules.txt;TAIL;1;100;None;TRUE;functional;0;0;200;200;0.0;0.0;0.01;plateau;adam;TRUE;100;1;binary_crossentropy;0.5;FALSE;3;1;TRUE;full;1;0.0;100;0.0;0.0;100;TRUE;0.0;max;3;0.0;['dataset_name', 'grounder', 'kge', 'model_name', 'rule_miner', 'neg', 'e', 'train_batch_size', 'val_batch_size', 'test_batch_size'];countries_s3-backward_2_3-complex-dcr-None-1-100-256-256-128;./../checkpoints/;FALSE;TRUE;FALSE;TRUE;4;0.0;14.64;13.87;2216.75;0.13;[0.0, 0.0];[14.71, 0.2];[14.206, 0.244];[1981.12, 118.417];[0.136, 0.005];[0.045, 0.002];[0.003, 0.001];[0.024, 0.003];[1.0, 0.0];[1.0, 0.0];[1.0, 0.0];[1.0, 0.0];[1.0, 0.0];[1.0, 0.0];[1.0, 0.0];[1.0, 0.0];[0.219, 0.003];[0.027, 0.002];[0.289, 0.007];[0.827, 0.029];[0.792, 0.037];[0.846, 0.036];[0.892, 0.028];[0.766, 0.016];[0.721, 0.021];[0.771, 0.023];[0.854, 0.026];[0.634, 0.017];[0.867, 0.026];[0.278, 0.01];[0.875, 0.015];[0.804, 0.028];[0.929, 0.021];[1.0, 0.0];[0.967, 0.02];[0.938, 0.035];[0.996, 0.008];[1.0, 0.0]
countries_s3;backward_2_3;complex;sbr;None;[0, 1, 2, 3, 4];100;256;256;128;facts.txt;train.txt;valid.txt;test.txt;domain2constants.txt;rules.txt;TAIL;1;100;None;TRUE;functional;0;0;200;200;0.0;0.0;0.01;plateau;adam;TRUE;100;1;binary_crossentropy;0.5;FALSE;3;1;TRUE;full;1;0.0;100;0.0;0.0;100;TRUE;0.0;max;3;0.0;['dataset_name', 'grounder', 'kge', 'model_name', 'rule_miner', 'neg', 'e', 'train_batch_size', 'val_batch_size', 'test_batch_size'];countries_s3-backward_2_3-complex-sbr-None-1-100-256-256-128;./../checkpoints/;FALSE;TRUE;FALSE;TRUE;4;0.0;15.2;14.01;1871.97;0.12;[0.0, 0.0];[14.766, 0.242];[13.876, 0.112];[2408.316, 419.216];[0.12, 0.006];[0.145, 0.261];[0.142, 0.263];[0.148, 0.259];[1.0, 0.0];[1.0, 0.0];[1.0, 0.0];[1.0, 0.0];[0.999, 0.0];[0.999, 0.001];[1.0, 0.0];[1.0, 0.0];[0.163, 0.091];[0.093, 0.124];[0.232, 0.06];[0.749, 0.035];[0.7, 0.036];[0.754, 0.042];[0.879, 0.046];[0.729, 0.022];[0.633, 0.017];[0.742, 0.025];[0.888, 0.021];[0.448, 0.103];[0.697, 0.227];[0.198, 0.109];[0.896, 0.042];[0.833, 0.066];[0.942, 0.04];[1.0, 0.0];[0.972, 0.015];[0.95, 0.021];[0.992, 0.017];[1.0, 0.0]
countries_s3;backward_2_3;complex;r2n;None;[0, 1, 2, 3, 4];100;256;256;128;facts.txt;train.txt;valid.txt;test.txt;domain2constants.txt;rules.txt;TAIL;1;100;None;TRUE;functional;0;0;200;200;0.0;0.0;0.01;plateau;adam;TRUE;100;1;binary_crossentropy;0.5;FALSE;3;1;TRUE;full;1;0.0;100;0.0;0.0;100;TRUE;0.0;max;3;0.0;['dataset_name', 'grounder', 'kge', 'model_name', 'rule_miner', 'neg', 'e', 'train_batch_size', 'val_batch_size', 'test_batch_size'];countries_s3-backward_2_3-complex-r2n-None-1-100-256-256-128;./../checkpoints/;FALSE;TRUE;FALSE;TRUE;4;0.0;15.2;14.18;2085.45;0.14;[0.0, 0.0];[14.982, 0.164];[14.156, 0.266];[2135.1, 50.198];[0.132, 0.004];[0.002, 0.001];[0.002, 0.001];[0.002, 0.001];[1.0, 0.0];[1.0, 0.0];[1.0, 0.0];[1.0, 0.0];[1.0, 0.0];[1.0, 0.0];[1.0, 0.0];[1.0, 0.0];[0.029, 0.003];[0.029, 0.003];[0.029, 0.003];[0.854, 0.012];[0.829, 0.016];[0.854, 0.013];[0.925, 0.028];[0.854, 0.012];[0.829, 0.016];[0.854, 0.013];[0.925, 0.028];[0.947, 0.079];[0.947, 0.079];[0.947, 0.079];[0.875, 0.052];[0.796, 0.084];[0.942, 0.024];[1.0, 0.0];[0.875, 0.052];[0.796, 0.084];[0.942, 0.024];[1.0, 0.0]
